source_row_id,Class,split
8991,SIRA,train
6798,HOROZ,train
11400,DERMASON,train
3638,BOMBAY,train
11535,DERMASON,train
2190,BARBUNYA,train
1451,SEKER,train
7744,SIRA,train
3811,BOMBAY,train
4634,CALI,train
120,SEKER,train
3934,CALI,train
8992,SIRA,train
118,SEKER,train
12795,DERMASON,train
8287,SIRA,train
11341,DERMASON,train
13032,DERMASON,train
7294,HOROZ,train
12630,DERMASON,train
6523,HOROZ,train
5664,HOROZ,train
2850,BARBUNYA,train
12328,DERMASON,train
13165,DERMASON,train
7921,SIRA,train
8224,SIRA,train
8138,SIRA,train
1158,SEKER,train
2083,BARBUNYA,train
6227,HOROZ,train
9806,SIRA,train
11593,DERMASON,train
659,SEKER,train
6885,HOROZ,train
398,SEKER,train
7955,SIRA,train
13363,DERMASON,train
305,SEKER,train
11083,DERMASON,train
4655,CALI,train
2478,BARBUNYA,train
602,SEKER,train
6846,HOROZ,train
11947,DERMASON,train
9392,SIRA,train
8922,SIRA,train
8919,SIRA,train
5242,CALI,train
692,SEKER,train
7315,HOROZ,train
1457,SEKER,train
920,SEKER,train
12842,DERMASON,train
2459,BARBUNYA,train
10853,DERMASON,train
8902,SIRA,train
1281,SEKER,train
13412,DERMASON,train
12938,DERMASON,train
3717,BOMBAY,train
2071,BARBUNYA,train
2575,BARBUNYA,train
9711,SIRA,train
3606,BOMBAY,train
9843,SIRA,train
1676,SEKER,train
4442,CALI,train
7193,HOROZ,train
12693,DERMASON,train
6599,HOROZ,train
13536,DERMASON,train
8690,SIRA,train
124,SEKER,train
1330,SEKER,train
5456,CALI,train
236,SEKER,train
2006,SEKER,train
3537,BOMBAY,train
10136,DERMASON,train
4537,CALI,train
7006,HOROZ,train
10307,DERMASON,train
4713,CALI,train
6963,HOROZ,train
6571,HOROZ,train
1378,SEKER,train
6148,HOROZ,train
9479,SIRA,train
1512,SEKER,train
89,SEKER,train
6954,HOROZ,train
6843,HOROZ,train
4639,CALI,train
2651,BARBUNYA,train
10253,DERMASON,train
9287,SIRA,train
8289,SIRA,train
3512,BOMBAY,train
13030,DERMASON,train
9086,SIRA,train
7437,SIRA,train
8439,SIRA,train
1369,SEKER,train
12501,DERMASON,train
10091,DERMASON,train
3426,BOMBAY,train
2218,BARBUNYA,train
1038,SEKER,train
7038,HOROZ,train
9915,SIRA,train
12993,DERMASON,train
8747,SIRA,train
12,SEKER,train
11572,DERMASON,train
6806,HOROZ,train
11957,DERMASON,train
6320,HOROZ,train
11725,DERMASON,train
1917,SEKER,train
5533,HOROZ,train
3628,BOMBAY,train
12760,DERMASON,train
4930,CALI,train
9026,SIRA,train
1097,SEKER,train
2960,BARBUNYA,train
1605,SEKER,train
3968,CALI,train
9544,SIRA,train
5482,CALI,train
4270,CALI,train
4102,CALI,train
3076,BARBUNYA,train
959,SEKER,train
5211,CALI,train
9396,SIRA,train
9383,SIRA,train
12387,DERMASON,train
12297,DERMASON,train
10347,DERMASON,train
3952,CALI,train
5472,CALI,train
7070,HOROZ,train
2747,BARBUNYA,train
11366,DERMASON,train
3218,BARBUNYA,train
8294,SIRA,train
10093,DERMASON,train
1881,SEKER,train
4126,CALI,train
5167,CALI,train
7513,SIRA,train
11558,DERMASON,train
16,SEKER,train
7589,SIRA,train
8204,SIRA,train
6916,HOROZ,train
4067,CALI,train
12064,DERMASON,train
2552,BARBUNYA,train
6618,HOROZ,train
6297,HOROZ,train
4833,CALI,train
8964,SIRA,train
7669,SIRA,train
11319,DERMASON,train
8907,SIRA,train
9178,SIRA,train
1739,SEKER,train
12376,DERMASON,train
8047,SIRA,train
7632,SIRA,train
9789,SIRA,train
7154,HOROZ,train
4536,CALI,train
4825,CALI,train
150,SEKER,train
9403,SIRA,train
10092,DERMASON,train
2937,BARBUNYA,train
11113,DERMASON,train
5673,HOROZ,train
10769,DERMASON,train
5529,HOROZ,train
8403,SIRA,train
12650,DERMASON,train
7605,SIRA,train
10770,DERMASON,train
13034,DERMASON,train
6969,HOROZ,train
3929,CALI,train
7819,SIRA,train
12350,DERMASON,train
7721,SIRA,train
1292,SEKER,train
11823,DERMASON,train
12779,DERMASON,train
3710,BOMBAY,train
10751,DERMASON,train
8619,SIRA,train
318,SEKER,train
11465,DERMASON,train
177,SEKER,train
1245,SEKER,train
7756,SIRA,train
10614,DERMASON,train
1543,SEKER,train
2879,BARBUNYA,train
4176,CALI,train
10652,DERMASON,train
12798,DERMASON,train
7749,SIRA,train
9376,SIRA,train
10153,DERMASON,train
4517,CALI,train
2276,BARBUNYA,train
8613,SIRA,train
12614,DERMASON,train
12508,DERMASON,train
10607,DERMASON,train
5694,HOROZ,train
13219,DERMASON,train
10388,DERMASON,train
13565,DERMASON,train
2863,BARBUNYA,train
3182,BARBUNYA,train
8764,SIRA,train
13484,DERMASON,train
11945,DERMASON,train
2571,BARBUNYA,train
5685,HOROZ,train
2474,BARBUNYA,train
12134,DERMASON,train
1781,SEKER,train
9592,SIRA,train
5379,CALI,train
12674,DERMASON,train
3119,BARBUNYA,train
9365,SIRA,train
11382,DERMASON,train
5611,HOROZ,train
7907,SIRA,train
13022,DERMASON,train
4350,CALI,train
6226,HOROZ,train
13278,DERMASON,train
8566,SIRA,train
8951,SIRA,train
2815,BARBUNYA,train
8871,SIRA,train
13303,DERMASON,train
10308,DERMASON,train
12476,DERMASON,train
4601,CALI,train
9534,SIRA,train
9284,SIRA,train
9006,SIRA,train
5111,CALI,train
4903,CALI,train
7553,SIRA,train
1665,SEKER,train
13568,DERMASON,train
8390,SIRA,train
1992,SEKER,train
747,SEKER,train
6865,HOROZ,train
9750,SIRA,train
2562,BARBUNYA,train
13339,DERMASON,train
9202,SIRA,train
10288,DERMASON,train
11692,DERMASON,train
12286,DERMASON,train
6758,HOROZ,train
3224,BARBUNYA,train
225,SEKER,train
6266,HOROZ,train
8024,SIRA,train
9368,SIRA,train
7302,HOROZ,train
6154,HOROZ,train
3461,BOMBAY,train
6868,HOROZ,train
422,SEKER,train
12861,DERMASON,train
9583,SIRA,train
6773,HOROZ,train
7590,SIRA,train
1813,SEKER,train
11012,DERMASON,train
5262,CALI,train
7452,SIRA,train
3966,CALI,train
401,SEKER,train
12199,DERMASON,train
1055,SEKER,train
9162,SIRA,train
5981,HOROZ,train
9959,SIRA,train
6886,HOROZ,train
3718,BOMBAY,train
13485,DERMASON,train
12920,DERMASON,train
9111,SIRA,train
13041,DERMASON,train
2920,BARBUNYA,train
4661,CALI,train
779,SEKER,train
12634,DERMASON,train
12536,DERMASON,train
12669,DERMASON,train
234,SEKER,train
7157,HOROZ,train
3808,BOMBAY,train
6643,HOROZ,train
3592,BOMBAY,train
308,SEKER,train
3795,BOMBAY,train
7281,HOROZ,train
9004,SIRA,train
12963,DERMASON,train
10791,DERMASON,train
5925,HOROZ,train
2242,BARBUNYA,train
8721,SIRA,train
6899,HOROZ,train
3049,BARBUNYA,train
12472,DERMASON,train
4794,CALI,train
7420,HOROZ,train
9094,SIRA,train
5491,CALI,train
10506,DERMASON,train
12695,DERMASON,train
8994,SIRA,train
3716,BOMBAY,train
4405,CALI,train
166,SEKER,train
9066,SIRA,train
3028,BARBUNYA,train
5388,CALI,train
5888,HOROZ,train
10070,DERMASON,train
5425,CALI,train
9865,SIRA,train
5961,HOROZ,train
9385,SIRA,train
75,SEKER,train
11034,DERMASON,train
6647,HOROZ,train
3172,BARBUNYA,train
11096,DERMASON,train
4941,CALI,train
2461,BARBUNYA,train
13077,DERMASON,train
3930,CALI,train
5180,CALI,train
4447,CALI,train
13481,DERMASON,train
3843,BOMBAY,train
7617,SIRA,train
8810,SIRA,train
131,SEKER,train
10398,DERMASON,train
125,SEKER,train
3090,BARBUNYA,train
8240,SIRA,train
11861,DERMASON,train
7161,HOROZ,train
9457,SIRA,train
11720,DERMASON,train
8542,SIRA,train
11639,DERMASON,train
1989,SEKER,train
12976,DERMASON,train
3773,BOMBAY,train
8081,SIRA,train
707,SEKER,train
6834,HOROZ,train
9140,SIRA,train
10847,DERMASON,train
2350,BARBUNYA,train
2830,BARBUNYA,train
9123,SIRA,train
8947,SIRA,train
11828,DERMASON,train
8083,SIRA,train
866,SEKER,train
11743,DERMASON,train
3261,BARBUNYA,train
3924,CALI,train
12775,DERMASON,train
9308,SIRA,train
5542,HOROZ,train
12232,DERMASON,train
2739,BARBUNYA,train
161,SEKER,train
8192,SIRA,train
12951,DERMASON,train
11645,DERMASON,train
6521,HOROZ,train
13084,DERMASON,train
1123,SEKER,train
12654,DERMASON,train
661,SEKER,train
8635,SIRA,train
12045,DERMASON,train
13191,DERMASON,train
13595,DERMASON,train
3425,BOMBAY,train
2443,BARBUNYA,train
10599,DERMASON,train
1544,SEKER,train
8306,SIRA,train
7763,SIRA,train
6206,HOROZ,train
10410,DERMASON,train
8649,SIRA,train
12404,DERMASON,train
1251,SEKER,train
4180,CALI,train
2249,BARBUNYA,train
1459,SEKER,train
6931,HOROZ,train
1298,SEKER,train
5336,CALI,train
3471,BOMBAY,train
8775,SIRA,train
10387,DERMASON,train
7065,HOROZ,train
11835,DERMASON,train
13574,DERMASON,train
4582,CALI,train
802,SEKER,train
11769,DERMASON,train
8518,SIRA,train
7996,SIRA,train
5016,CALI,train
2942,BARBUNYA,train
2626,BARBUNYA,train
10119,DERMASON,train
7724,SIRA,train
12519,DERMASON,train
2707,BARBUNYA,train
6044,HOROZ,train
3933,CALI,train
5164,CALI,train
6445,HOROZ,train
4931,CALI,train
7461,SIRA,train
4586,CALI,train
8032,SIRA,train
6434,HOROZ,train
4874,CALI,train
2038,BARBUNYA,train
6622,HOROZ,train
2961,BARBUNYA,train
10134,DERMASON,train
306,SEKER,train
13383,DERMASON,train
9246,SIRA,train
9953,SIRA,train
9554,SIRA,train
11035,DERMASON,train
10608,DERMASON,train
8345,SIRA,train
3495,BOMBAY,train
13468,DERMASON,train
840,SEKER,train
8894,SIRA,train
6364,HOROZ,train
3482,BOMBAY,train
13349,DERMASON,train
9833,SIRA,train
8945,SIRA,train
10018,SIRA,train
11009,DERMASON,train
7153,HOROZ,train
1406,SEKER,train
12037,DERMASON,train
3981,CALI,train
4546,CALI,train
12907,DERMASON,train
3246,BARBUNYA,train
500,SEKER,train
11620,DERMASON,train
8389,SIRA,train
675,SEKER,train
787,SEKER,train
11897,DERMASON,train
11651,DERMASON,train
12696,DERMASON,train
4482,CALI,train
13214,DERMASON,train
11304,DERMASON,train
7456,SIRA,train
13487,DERMASON,train
1888,SEKER,train
3227,BARBUNYA,train
11575,DERMASON,train
13121,DERMASON,train
4378,CALI,train
1489,SEKER,train
4872,CALI,train
3171,BARBUNYA,train
4395,CALI,train
3746,BOMBAY,train
2142,BARBUNYA,train
974,SEKER,train
6412,HOROZ,train
9195,SIRA,train
1735,SEKER,train
1882,SEKER,train
3751,BOMBAY,train
11517,DERMASON,train
3528,BOMBAY,train
4603,CALI,train
9035,SIRA,train
9842,SIRA,train
2663,BARBUNYA,train
8209,SIRA,train
9206,SIRA,train
13533,DERMASON,train
10143,DERMASON,train
9467,SIRA,train
3554,BOMBAY,train
7919,SIRA,train
12926,DERMASON,train
10212,DERMASON,train
1099,SEKER,train
11498,DERMASON,train
439,SEKER,train
9669,SIRA,train
6118,HOROZ,train
13284,DERMASON,train
3905,CALI,train
933,SEKER,train
8045,SIRA,train
11053,DERMASON,train
8934,SIRA,train
5858,HOROZ,train
1851,SEKER,train
10263,DERMASON,train
10400,DERMASON,train
9803,SIRA,train
10350,DERMASON,train
4404,CALI,train
2219,BARBUNYA,train
10905,DERMASON,train
8696,SIRA,train
7432,SIRA,train
9940,SIRA,train
8912,SIRA,train
9130,SIRA,train
6107,HOROZ,train
2124,BARBUNYA,train
2375,BARBUNYA,train
10984,DERMASON,train
10184,DERMASON,train
5272,CALI,train
2758,BARBUNYA,train
1494,SEKER,train
11327,DERMASON,train
8261,SIRA,train
12944,DERMASON,train
5684,HOROZ,train
5374,CALI,train
759,SEKER,train
5381,CALI,train
4658,CALI,train
9784,SIRA,train
12005,DERMASON,train
5421,CALI,train
6048,HOROZ,train
2267,BARBUNYA,train
679,SEKER,train
1469,SEKER,train
8033,SIRA,train
13305,DERMASON,train
13482,DERMASON,train
2771,BARBUNYA,train
5817,HOROZ,train
8238,SIRA,train
330,SEKER,train
5023,CALI,train
8785,SIRA,train
1194,SEKER,train
38,SEKER,train
3840,BOMBAY,train
785,SEKER,train
3274,BARBUNYA,train
11273,DERMASON,train
9318,SIRA,train
13018,DERMASON,train
6289,HOROZ,train
7109,HOROZ,train
10820,DERMASON,train
11596,DERMASON,train
563,SEKER,train
2371,BARBUNYA,train
1147,SEKER,train
7740,SIRA,train
10893,DERMASON,train
7859,SIRA,train
11866,DERMASON,train
13111,DERMASON,train
4358,CALI,train
8505,SIRA,train
1604,SEKER,train
12881,DERMASON,train
13346,DERMASON,train
8952,SIRA,train
13554,DERMASON,train
7888,SIRA,train
13013,DERMASON,train
2859,BARBUNYA,train
12642,DERMASON,train
11238,DERMASON,train
7371,HOROZ,train
870,SEKER,train
10115,DERMASON,train
12804,DERMASON,train
12816,DERMASON,train
10833,DERMASON,train
11530,DERMASON,train
2417,BARBUNYA,train
13287,DERMASON,train
5531,HOROZ,train
10249,DERMASON,train
5400,CALI,train
182,SEKER,train
12030,DERMASON,train
590,SEKER,train
8787,SIRA,train
7275,HOROZ,train
7228,HOROZ,train
11786,DERMASON,train
11539,DERMASON,train
4852,CALI,train
1036,SEKER,train
8870,SIRA,train
10382,DERMASON,train
6542,HOROZ,train
2687,BARBUNYA,train
9758,SIRA,train
2717,BARBUNYA,train
4687,CALI,train
8061,SIRA,train
7101,HOROZ,train
12114,DERMASON,train
10246,DERMASON,train
10727,DERMASON,train
253,SEKER,train
271,SEKER,train
7878,SIRA,train
10146,DERMASON,train
10923,DERMASON,train
5073,CALI,train
845,SEKER,train
10302,DERMASON,train
8176,SIRA,train
13237,DERMASON,train
6482,HOROZ,train
12048,DERMASON,train
4222,CALI,train
11736,DERMASON,train
1927,SEKER,train
7686,SIRA,train
8230,SIRA,train
9846,SIRA,train
8845,SIRA,train
9362,SIRA,train
13340,DERMASON,train
7805,SIRA,train
11935,DERMASON,train
9579,SIRA,train
13060,DERMASON,train
4428,CALI,train
3964,CALI,train
10334,DERMASON,train
8085,SIRA,train
1019,SEKER,train
2484,BARBUNYA,train
4795,CALI,train
1754,SEKER,train
3861,BOMBAY,train
2795,BARBUNYA,train
11422,DERMASON,train
449,SEKER,train
3743,BOMBAY,train
1299,SEKER,train
6287,HOROZ,train
3539,BOMBAY,train
9112,SIRA,train
5956,HOROZ,train
710,SEKER,train
8102,SIRA,train
8274,SIRA,train
333,SEKER,train
9489,SIRA,train
11150,DERMASON,train
10656,DERMASON,train
11983,DERMASON,train
1978,SEKER,train
11971,DERMASON,train
204,SEKER,train
13182,DERMASON,train
10753,DERMASON,train
4749,CALI,train
7560,SIRA,train
7813,SIRA,train
1868,SEKER,train
5314,CALI,train
2395,BARBUNYA,train
3158,BARBUNYA,train
13356,DERMASON,train
3214,BARBUNYA,train
11294,DERMASON,train
11580,DERMASON,train
6023,HOROZ,train
1429,SEKER,train
980,SEKER,train
2655,BARBUNYA,train
10718,DERMASON,train
2709,BARBUNYA,train
1586,SEKER,train
4873,CALI,train
3675,BOMBAY,train
667,SEKER,train
2348,BARBUNYA,train
8407,SIRA,train
6864,HOROZ,train
5060,CALI,train
4755,CALI,train
371,SEKER,train
11915,DERMASON,train
9733,SIRA,train
6372,HOROZ,train
9506,SIRA,train
9508,SIRA,train
5535,HOROZ,train
1899,SEKER,train
11732,DERMASON,train
12780,DERMASON,train
4147,CALI,train
7314,HOROZ,train
8935,SIRA,train
1679,SEKER,train
9339,SIRA,train
11138,DERMASON,train
153,SEKER,train
13183,DERMASON,train
10349,DERMASON,train
4268,CALI,train
9405,SIRA,train
11605,DERMASON,train
12076,DERMASON,train
10436,DERMASON,train
11024,DERMASON,train
3711,BOMBAY,train
8028,SIRA,train
1426,SEKER,train
8726,SIRA,train
647,SEKER,train
1104,SEKER,train
7640,SIRA,train
10574,DERMASON,train
9553,SIRA,train
11032,DERMASON,train
8509,SIRA,train
11235,DERMASON,train
6520,HOROZ,train
11672,DERMASON,train
428,SEKER,train
9150,SIRA,train
1503,SEKER,train
3059,BARBUNYA,train
3590,BOMBAY,train
9736,SIRA,train
1499,SEKER,train
4487,CALI,train
793,SEKER,train
12009,DERMASON,train
5092,CALI,train
4291,CALI,train
10067,DERMASON,train
7058,HOROZ,train
4816,CALI,train
5874,HOROZ,train
4184,CALI,train
4544,CALI,train
7295,HOROZ,train
8611,SIRA,train
5963,HOROZ,train
4236,CALI,train
7681,SIRA,train
6152,HOROZ,train
4427,CALI,train
9550,SIRA,train
4024,CALI,train
4210,CALI,train
8042,SIRA,train
8489,SIRA,train
6295,HOROZ,train
12572,DERMASON,train
280,SEKER,train
13357,DERMASON,train
10479,DERMASON,train
4780,CALI,train
9839,SIRA,train
515,SEKER,train
1357,SEKER,train
3053,BARBUNYA,train
10411,DERMASON,train
683,SEKER,train
8799,SIRA,train
11728,DERMASON,train
9848,SIRA,train
11586,DERMASON,train
7086,HOROZ,train
5549,HOROZ,train
10705,DERMASON,train
12588,DERMASON,train
1460,SEKER,train
9091,SIRA,train
2823,BARBUNYA,train
925,SEKER,train
12602,DERMASON,train
2225,BARBUNYA,train
2005,SEKER,train
1144,SEKER,train
12345,DERMASON,train
10722,DERMASON,train
5605,HOROZ,train
13492,DERMASON,train
7074,HOROZ,train
7759,SIRA,train
1095,SEKER,train
5177,CALI,train
8318,SIRA,train
6355,HOROZ,train
1436,SEKER,train
4037,CALI,train
12464,DERMASON,train
2145,BARBUNYA,train
2521,BARBUNYA,train
1790,SEKER,train
11700,DERMASON,train
9682,SIRA,train
8477,SIRA,train
7313,HOROZ,train
8782,SIRA,train
4018,CALI,train
7448,SIRA,train
570,SEKER,train
12268,DERMASON,train
3842,BOMBAY,train
9977,SIRA,train
8136,SIRA,train
9900,SIRA,train
10173,DERMASON,train
4287,CALI,train
9533,SIRA,train
718,SEKER,train
7811,SIRA,train
10038,SIRA,train
1138,SEKER,train
10979,DERMASON,train
8181,SIRA,train
11231,DERMASON,train
6486,HOROZ,train
1602,SEKER,train
7251,HOROZ,train
3505,BOMBAY,train
8607,SIRA,train
985,SEKER,train
12488,DERMASON,train
58,SEKER,train
13244,DERMASON,train
10556,DERMASON,train
1894,SEKER,train
4443,CALI,train
8172,SIRA,train
1230,SEKER,train
8527,SIRA,train
3983,CALI,train
6331,HOROZ,train
6202,HOROZ,train
4694,CALI,train
11345,DERMASON,train
4888,CALI,train
7580,SIRA,train
3354,BOMBAY,train
13288,DERMASON,train
13372,DERMASON,train
8118,SIRA,train
4701,CALI,train
10673,DERMASON,train
1984,SEKER,train
811,SEKER,train
9228,SIRA,train
9421,SIRA,train
8279,SIRA,train
8812,SIRA,train
5774,HOROZ,train
10225,DERMASON,train
9113,SIRA,train
2839,BARBUNYA,train
12454,DERMASON,train
141,SEKER,train
7983,SIRA,train
3700,BOMBAY,train
8687,SIRA,train
10145,DERMASON,train
13203,DERMASON,train
8849,SIRA,train
7791,SIRA,train
5047,CALI,train
1368,SEKER,train
4967,CALI,train
879,SEKER,train
13470,DERMASON,train
216,SEKER,train
11230,DERMASON,train
2262,BARBUNYA,train
5644,HOROZ,train
8106,SIRA,train
8044,SIRA,train
6105,HOROZ,train
11146,DERMASON,train
2919,BARBUNYA,train
9757,SIRA,train
10852,DERMASON,train
9309,SIRA,train
10888,DERMASON,train
7463,SIRA,train
12856,DERMASON,train
6890,HOROZ,train
1775,SEKER,train
11868,DERMASON,train
1946,SEKER,train
2788,BARBUNYA,train
11062,DERMASON,train
4673,CALI,train
11411,DERMASON,train
13576,DERMASON,train
9662,SIRA,train
3770,BOMBAY,train
8235,SIRA,train
12982,DERMASON,train
13249,DERMASON,train
4466,CALI,train
9105,SIRA,train
1108,SEKER,train
7220,HOROZ,train
11237,DERMASON,train
5681,HOROZ,train
11826,DERMASON,train
6535,HOROZ,train
6342,HOROZ,train
4370,CALI,train
6370,HOROZ,train
2837,BARBUNYA,train
2873,BARBUNYA,train
13239,DERMASON,train
8206,SIRA,train
12862,DERMASON,train
2369,BARBUNYA,train
2899,BARBUNYA,train
1423,SEKER,train
2543,BARBUNYA,train
9578,SIRA,train
12227,DERMASON,train
11565,DERMASON,train
10837,DERMASON,train
12909,DERMASON,train
2700,BARBUNYA,train
11098,DERMASON,train
12751,DERMASON,train
13215,DERMASON,train
11673,DERMASON,train
1567,SEKER,train
5070,CALI,train
2644,BARBUNYA,train
3978,CALI,train
113,SEKER,train
484,SEKER,train
4889,CALI,train
12561,DERMASON,train
8746,SIRA,train
9939,SIRA,train
3573,BOMBAY,train
10432,DERMASON,train
9065,SIRA,train
6883,HOROZ,train
10931,DERMASON,train
11984,DERMASON,train
9168,SIRA,train
244,SEKER,train
1122,SEKER,train
8214,SIRA,train
8130,SIRA,train
4232,CALI,train
6454,HOROZ,train
3526,BOMBAY,train
5476,CALI,train
1288,SEKER,train
5372,CALI,train
12668,DERMASON,train
9426,SIRA,train
13209,DERMASON,train
11438,DERMASON,train
12596,DERMASON,train
1023,SEKER,train
4598,CALI,train
5403,CALI,train
8034,SIRA,train
10355,DERMASON,train
3175,BARBUNYA,train
12495,DERMASON,train
13473,DERMASON,train
13015,DERMASON,train
7394,HOROZ,train
6996,HOROZ,train
13507,DERMASON,train
12517,DERMASON,train
1924,SEKER,train
6664,HOROZ,train
6414,HOROZ,train
4411,CALI,train
12184,DERMASON,train
9866,SIRA,train
6417,HOROZ,train
8883,SIRA,train
10248,DERMASON,train
1208,SEKER,train
12833,DERMASON,train
12069,DERMASON,train
13028,DERMASON,train
831,SEKER,train
6368,HOROZ,train
1819,SEKER,train
5777,HOROZ,train
555,SEKER,train
11384,DERMASON,train
4028,CALI,train
12898,DERMASON,train
9943,SIRA,train
7872,SIRA,train
6108,HOROZ,train
10776,DERMASON,train
9877,SIRA,train
1383,SEKER,train
6814,HOROZ,train
7458,SIRA,train
1195,SEKER,train
10191,DERMASON,train
1572,SEKER,train
8322,SIRA,train
3311,BARBUNYA,train
2098,BARBUNYA,train
8943,SIRA,train
11550,DERMASON,train
9888,SIRA,train
11629,DERMASON,train
1109,SEKER,train
5438,CALI,train
9149,SIRA,train
12074,DERMASON,train
13188,DERMASON,train
4674,CALI,train
1205,SEKER,train
1546,SEKER,train
2694,BARBUNYA,train
7584,SIRA,train
10078,DERMASON,train
5695,HOROZ,train
5201,CALI,train
6262,HOROZ,train
7564,SIRA,train
13247,DERMASON,train
9027,SIRA,train
5990,HOROZ,train
13313,DERMASON,train
6248,HOROZ,train
761,SEKER,train
5249,CALI,train
6692,HOROZ,train
12609,DERMASON,train
6376,HOROZ,train
2524,BARBUNYA,train
12250,DERMASON,train
3744,BOMBAY,train
10275,DERMASON,train
6359,HOROZ,train
9446,SIRA,train
9698,SIRA,train
12492,DERMASON,train
12766,DERMASON,train
5033,CALI,train
2447,BARBUNYA,train
147,SEKER,train
8096,SIRA,train
4356,CALI,train
13254,DERMASON,train
7493,SIRA,train
10728,DERMASON,train
12688,DERMASON,train
9063,SIRA,train
11555,DERMASON,train
9983,SIRA,train
9894,SIRA,train
4587,CALI,train
4711,CALI,train
12560,DERMASON,train
4516,CALI,train
10532,DERMASON,train
766,SEKER,train
4774,CALI,train
7243,HOROZ,train
4612,CALI,train
12638,DERMASON,train
8656,SIRA,train
11186,DERMASON,train
10316,DERMASON,train
2119,BARBUNYA,train
4862,CALI,train
2025,SEKER,train
3810,BOMBAY,train
12882,DERMASON,train
9796,SIRA,train
11633,DERMASON,train
9447,SIRA,train
10878,DERMASON,train
6155,HOROZ,train
4398,CALI,train
13109,DERMASON,train
2026,SEKER,train
11934,DERMASON,train
11300,DERMASON,train
5857,HOROZ,train
9196,SIRA,train
278,SEKER,train
6189,HOROZ,train
11711,DERMASON,train
13405,DERMASON,train
8086,SIRA,train
2042,BARBUNYA,train
102,SEKER,train
7041,HOROZ,train
5520,HOROZ,train
3215,BARBUNYA,train
630,SEKER,train
4252,CALI,train
96,SEKER,train
8882,SIRA,train
12483,DERMASON,train
5221,CALI,train
6972,HOROZ,train
13596,DERMASON,train
12605,DERMASON,train
1050,SEKER,train
5979,HOROZ,train
81,SEKER,train
9242,SIRA,train
2235,BARBUNYA,train
1619,SEKER,train
9415,SIRA,train
11282,DERMASON,train
9718,SIRA,train
3029,BARBUNYA,train
13569,DERMASON,train
4121,CALI,train
1654,SEKER,train
4752,CALI,train
10099,DERMASON,train
7646,SIRA,train
9010,SIRA,train
8536,SIRA,train
684,SEKER,train
12529,DERMASON,train
12014,DERMASON,train
5152,CALI,train
2317,BARBUNYA,train
4214,CALI,train
9107,SIRA,train
13594,DERMASON,train
13358,DERMASON,train
6951,HOROZ,train
1135,SEKER,train
11356,DERMASON,train
3549,BOMBAY,train
2740,BARBUNYA,train
706,SEKER,train
13086,DERMASON,train
12691,DERMASON,train
1518,SEKER,train
13606,DERMASON,train
507,SEKER,train
10264,DERMASON,train
8217,SIRA,train
10520,DERMASON,train
13297,DERMASON,train
670,SEKER,train
11020,DERMASON,train
7004,HOROZ,train
1101,SEKER,train
690,SEKER,train
300,SEKER,train
207,SEKER,train
7177,HOROZ,train
11742,DERMASON,train
5397,CALI,train
12584,DERMASON,train
4660,CALI,train
8077,SIRA,train
5654,HOROZ,train
5294,CALI,train
10571,DERMASON,train
11364,DERMASON,train
7417,HOROZ,train
3396,BOMBAY,train
11292,DERMASON,train
6819,HOROZ,train
8207,SIRA,train
1857,SEKER,train
10778,DERMASON,train
10987,DERMASON,train
2874,BARBUNYA,train
4399,CALI,train
7289,HOROZ,train
7542,SIRA,train
4227,CALI,train
3230,BARBUNYA,train
10057,SIRA,train
10720,DERMASON,train
8429,SIRA,train
6341,HOROZ,train
671,SEKER,train
7288,HOROZ,train
5662,HOROZ,train
3226,BARBUNYA,train
12713,DERMASON,train
13430,DERMASON,train
13347,DERMASON,train
9640,SIRA,train
12262,DERMASON,train
1642,SEKER,train
68,SEKER,train
9962,SIRA,train
4185,CALI,train
5585,HOROZ,train
5511,HOROZ,train
10352,DERMASON,train
8154,SIRA,train
7812,SIRA,train
7858,SIRA,train
10313,DERMASON,train
4633,CALI,train
12096,DERMASON,train
1287,SEKER,train
927,SEKER,train
4139,CALI,train
4074,CALI,train
7645,SIRA,train
10081,DERMASON,train
4051,CALI,train
12908,DERMASON,train
7089,HOROZ,train
37,SEKER,train
12827,DERMASON,train
5486,CALI,train
5815,HOROZ,train
5475,CALI,train
65,SEKER,train
13561,DERMASON,train
4956,CALI,train
5758,HOROZ,train
9201,SIRA,train
3393,BOMBAY,train
10529,DERMASON,train
5352,CALI,train
12754,DERMASON,train
9430,SIRA,train
11323,DERMASON,train
7517,SIRA,train
1884,SEKER,train
13580,DERMASON,train
8202,SIRA,train
5213,CALI,train
678,SEKER,train
11185,DERMASON,train
9471,SIRA,train
250,SEKER,train
5155,CALI,train
2472,BARBUNYA,train
4528,CALI,train
10207,DERMASON,train
9632,SIRA,train
806,SEKER,train
5666,HOROZ,train
10298,DERMASON,train
13476,DERMASON,train
6683,HOROZ,train
10719,DERMASON,train
7571,SIRA,train
8740,SIRA,train
11748,DERMASON,train
2393,BARBUNYA,train
6863,HOROZ,train
5985,HOROZ,train
1049,SEKER,train
10814,DERMASON,train
6824,HOROZ,train
13459,DERMASON,train
7034,HOROZ,train
10234,DERMASON,train
11142,DERMASON,train
413,SEKER,train
8472,SIRA,train
8372,SIRA,train
9907,SIRA,train
12883,DERMASON,train
4412,CALI,train
3556,BOMBAY,train
5093,CALI,train
2271,BARBUNYA,train
3765,BOMBAY,train
11124,DERMASON,train
459,SEKER,train
4189,CALI,train
350,SEKER,train
3200,BARBUNYA,train
11173,DERMASON,train
11964,DERMASON,train
8247,SIRA,train
7703,SIRA,train
7407,HOROZ,train
7246,HOROZ,train
11960,DERMASON,train
2278,BARBUNYA,train
12818,DERMASON,train
8,SEKER,train
11656,DERMASON,train
2401,BARBUNYA,train
9044,SIRA,train
10416,DERMASON,train
13515,DERMASON,train
7626,SIRA,train
3269,BARBUNYA,train
3800,BOMBAY,train
12794,DERMASON,train
4076,CALI,train
7519,SIRA,train
5787,HOROZ,train
4239,CALI,train
8223,SIRA,train
3448,BOMBAY,train
11927,DERMASON,train
121,SEKER,train
6980,HOROZ,train
11433,DERMASON,train
1630,SEKER,train
496,SEKER,train
9345,SIRA,train
12340,DERMASON,train
3376,BOMBAY,train
9042,SIRA,train
6099,HOROZ,train
8296,SIRA,train
10717,DERMASON,train
6337,HOROZ,train
12119,DERMASON,train
12087,DERMASON,train
1007,SEKER,train
1683,SEKER,train
9468,SIRA,train
1712,SEKER,train
3111,BARBUNYA,train
10859,DERMASON,train
10676,DERMASON,train
178,SEKER,train
3538,BOMBAY,train
786,SEKER,train
12247,DERMASON,train
9626,SIRA,train
31,SEKER,train
9639,SIRA,train
6302,HOROZ,train
676,SEKER,train
2033,BARBUNYA,train
10721,DERMASON,train
12409,DERMASON,train
9628,SIRA,train
3777,BOMBAY,train
12313,DERMASON,train
2100,BARBUNYA,train
13522,DERMASON,train
7441,SIRA,train
13434,DERMASON,train
11532,DERMASON,train
10052,SIRA,train
5902,HOROZ,train
10220,DERMASON,train
7779,SIRA,train
10036,SIRA,train
7481,SIRA,train
7199,HOROZ,train
436,SEKER,train
10358,DERMASON,train
6110,HOROZ,train
11630,DERMASON,train
10300,DERMASON,train
1570,SEKER,train
3971,CALI,train
7881,SIRA,train
2135,BARBUNYA,train
2456,BARBUNYA,train
8374,SIRA,train
6794,HOROZ,train
10772,DERMASON,train
1438,SEKER,train
1021,SEKER,train
5763,HOROZ,train
1117,SEKER,train
12737,DERMASON,train
3436,BOMBAY,train
12220,DERMASON,train
6461,HOROZ,train
7653,SIRA,train
7840,SIRA,train
10884,DERMASON,train
2949,BARBUNYA,train
4007,CALI,train
12316,DERMASON,train
5008,CALI,train
12367,DERMASON,train
12187,DERMASON,train
3597,BOMBAY,train
4576,CALI,train
9451,SIRA,train
7048,HOROZ,train
6360,HOROZ,train
13194,DERMASON,train
3939,CALI,train
6211,HOROZ,train
10408,DERMASON,train
7218,HOROZ,train
2386,BARBUNYA,train
11561,DERMASON,train
5890,HOROZ,train
12212,DERMASON,train
5418,CALI,train
12427,DERMASON,train
8417,SIRA,train
13046,DERMASON,train
7827,SIRA,train
9747,SIRA,train
12355,DERMASON,train
3911,CALI,train
3442,BOMBAY,train
7497,SIRA,train
753,SEKER,train
6336,HOROZ,train
7973,SIRA,train
10024,SIRA,train
987,SEKER,train
9557,SIRA,train
10802,DERMASON,train
7284,HOROZ,train
12905,DERMASON,train
4719,CALI,train
11130,DERMASON,train
9814,SIRA,train
10088,DERMASON,train
12966,DERMASON,train
12910,DERMASON,train
9189,SIRA,train
12582,DERMASON,train
5226,CALI,train
11476,DERMASON,train
309,SEKER,train
3572,BOMBAY,train
3832,BOMBAY,train
3223,BARBUNYA,train
7174,HOROZ,train
4650,CALI,train
4620,CALI,train
8149,SIRA,train
8007,SIRA,train
335,SEKER,train
12112,DERMASON,train
5551,HOROZ,train
5859,HOROZ,train
1565,SEKER,train
10854,DERMASON,train
1916,SEKER,train
3050,BARBUNYA,train
5413,CALI,train
3123,BARBUNYA,train
5315,CALI,train
8592,SIRA,train
2365,BARBUNYA,train
560,SEKER,train
11718,DERMASON,train
4551,CALI,train
6200,HOROZ,train
5668,HOROZ,train
12554,DERMASON,train
7944,SIRA,train
7424,HOROZ,train
5000,CALI,train
8727,SIRA,train
5653,HOROZ,train
12028,DERMASON,train
1845,SEKER,train
3400,BOMBAY,train
12646,DERMASON,train
9541,SIRA,train
12039,DERMASON,train
5834,HOROZ,train
4046,CALI,train
3733,BOMBAY,train
8500,SIRA,train
10095,DERMASON,train
5449,CALI,train
5915,HOROZ,train
6989,HOROZ,train
628,SEKER,train
9014,SIRA,train
6090,HOROZ,train
8064,SIRA,train
1991,SEKER,train
10435,DERMASON,train
8049,SIRA,train
5284,CALI,train
9310,SIRA,train
4066,CALI,train
7098,HOROZ,train
2994,BARBUNYA,train
501,SEKER,train
1893,SEKER,train
3608,BOMBAY,train
12019,DERMASON,train
2107,BARBUNYA,train
12553,DERMASON,train
1455,SEKER,train
7950,SIRA,train
8457,SIRA,train
4936,CALI,train
9251,SIRA,train
2679,BARBUNYA,train
10700,DERMASON,train
2420,BARBUNYA,train
12326,DERMASON,train
12947,DERMASON,train
4740,CALI,train
1254,SEKER,train
7875,SIRA,train
4512,CALI,train
11730,DERMASON,train
9868,SIRA,train
11078,DERMASON,train
1609,SEKER,train
4160,CALI,train
2283,BARBUNYA,train
6184,HOROZ,train
3112,BARBUNYA,train
6581,HOROZ,train
11225,DERMASON,train
4023,CALI,train
6413,HOROZ,train
2186,BARBUNYA,train
3878,CALI,train
7862,SIRA,train
4450,CALI,train
4452,CALI,train
5076,CALI,train
11297,DERMASON,train
3820,BOMBAY,train
981,SEKER,train
6397,HOROZ,train
7774,SIRA,train
10482,DERMASON,train
8198,SIRA,train
9418,SIRA,train
6395,HOROZ,train
7031,HOROZ,train
5891,HOROZ,train
10565,DERMASON,train
13201,DERMASON,train
1344,SEKER,train
6658,HOROZ,train
3241,BARBUNYA,train
2697,BARBUNYA,train
8515,SIRA,train
11941,DERMASON,train
1433,SEKER,train
11460,DERMASON,train
10958,DERMASON,train
10685,DERMASON,train
7049,HOROZ,train
2327,BARBUNYA,train
2720,BARBUNYA,train
3099,BARBUNYA,train
1774,SEKER,train
6897,HOROZ,train
12734,DERMASON,train
1239,SEKER,train
4153,CALI,train
12153,DERMASON,train
3997,CALI,train
2504,BARBUNYA,train
8963,SIRA,train
464,SEKER,train
100,SEKER,train
6584,HOROZ,train
4142,CALI,train
6283,HOROZ,train
4143,CALI,train
419,SEKER,train
13544,DERMASON,train
12786,DERMASON,train
10210,DERMASON,train
5349,CALI,train
5921,HOROZ,train
78,SEKER,train
1761,SEKER,train
8304,SIRA,train
13489,DERMASON,train
13385,DERMASON,train
6238,HOROZ,train
3307,BARBUNYA,train
3753,BOMBAY,train
847,SEKER,train
11819,DERMASON,train
3027,BARBUNYA,train
5704,HOROZ,train
1577,SEKER,train
13585,DERMASON,train
1915,SEKER,train
10707,DERMASON,train
5555,HOROZ,train
12457,DERMASON,train
4623,CALI,train
1953,SEKER,train
13144,DERMASON,train
12977,DERMASON,train
312,SEKER,train
12202,DERMASON,train
3370,BOMBAY,train
4130,CALI,train
10911,DERMASON,train
8971,SIRA,train
1545,SEKER,train
5698,HOROZ,train
8757,SIRA,train
844,SEKER,train
9032,SIRA,train
12108,DERMASON,train
4255,CALI,train
3216,BARBUNYA,train
2195,BARBUNYA,train
5675,HOROZ,train
8987,SIRA,train
4033,CALI,train
1528,SEKER,train
673,SEKER,train
10982,DERMASON,train
1706,SEKER,train
2458,BARBUNYA,train
3994,CALI,train
11775,DERMASON,train
10219,DERMASON,train
13011,DERMASON,train
7402,HOROZ,train
3522,BOMBAY,train
1473,SEKER,train
6419,HOROZ,train
8039,SIRA,train
6875,HOROZ,train
1547,SEKER,train
3977,CALI,train
1940,SEKER,train
9631,SIRA,train
6444,HOROZ,train
8847,SIRA,train
5084,CALI,train
7249,HOROZ,train
12460,DERMASON,train
9952,SIRA,train
13307,DERMASON,train
530,SEKER,train
1677,SEKER,train
7248,HOROZ,train
11693,DERMASON,train
5741,HOROZ,train
11588,DERMASON,train
3128,BARBUNYA,train
9500,SIRA,train
11000,DERMASON,train
10996,DERMASON,train
4366,CALI,train
9070,SIRA,train
11463,DERMASON,train
12290,DERMASON,train
290,SEKER,train
7469,SIRA,train
1314,SEKER,train
8522,SIRA,train
13422,DERMASON,train
2914,BARBUNYA,train
10440,DERMASON,train
3335,BARBUNYA,train
12452,DERMASON,train
7964,SIRA,train
10961,DERMASON,train
4308,CALI,train
2645,BARBUNYA,train
7515,SIRA,train
424,SEKER,train
7029,HOROZ,train
3010,BARBUNYA,train
4226,CALI,train
12490,DERMASON,train
9427,SIRA,train
10572,DERMASON,train
9382,SIRA,train
8321,SIRA,train
7784,SIRA,train
4709,CALI,train
11882,DERMASON,train
11332,DERMASON,train
4282,CALI,train
1698,SEKER,train
3415,BOMBAY,train
468,SEKER,train
2620,BARBUNYA,train
5931,HOROZ,train
4949,CALI,train
1645,SEKER,train
12886,DERMASON,train
6433,HOROZ,train
4835,CALI,train
11308,DERMASON,train
5354,CALI,train
2993,BARBUNYA,train
10783,DERMASON,train
835,SEKER,train
10756,DERMASON,train
3738,BOMBAY,train
13416,DERMASON,train
8776,SIRA,train
11750,DERMASON,train
9350,SIRA,train
10610,DERMASON,train
10991,DERMASON,train
4524,CALI,train
11643,DERMASON,train
4040,CALI,train
12435,DERMASON,train
12182,DERMASON,train
4555,CALI,train
13457,DERMASON,train
9671,SIRA,train
9731,SIRA,train
10394,DERMASON,train
11220,DERMASON,train
43,SEKER,train
1212,SEKER,train
2609,BARBUNYA,train
7702,SIRA,train
5968,HOROZ,train
9050,SIRA,train
10639,DERMASON,train
4868,CALI,train
3901,CALI,train
11715,DERMASON,train
10899,DERMASON,train
2397,BARBUNYA,train
5651,HOROZ,train
7992,SIRA,train
6033,HOROZ,train
10209,DERMASON,train
7486,SIRA,train
3418,BOMBAY,train
4992,CALI,train
4426,CALI,train
6173,HOROZ,train
9443,SIRA,train
9274,SIRA,train
7213,HOROZ,train
8989,SIRA,train
9780,SIRA,train
7886,SIRA,train
3255,BARBUNYA,train
1365,SEKER,train
5185,CALI,train
7083,HOROZ,train
11160,DERMASON,train
8920,SIRA,train
8978,SIRA,train
13295,DERMASON,train
11444,DERMASON,train
546,SEKER,train
3313,BARBUNYA,train
12063,DERMASON,train
7587,SIRA,train
2925,BARBUNYA,train
12587,DERMASON,train
10009,SIRA,train
731,SEKER,train
10801,DERMASON,train
5102,CALI,train
13353,DERMASON,train
6168,HOROZ,train
5453,CALI,train
3118,BARBUNYA,train
865,SEKER,train
94,SEKER,train
3042,BARBUNYA,train
1831,SEKER,train
10808,DERMASON,train
11564,DERMASON,train
7338,HOROZ,train
3031,BARBUNYA,train
6857,HOROZ,train
7554,SIRA,train
9767,SIRA,train
6601,HOROZ,train
4627,CALI,train
6257,HOROZ,train
6493,HOROZ,train
2587,BARBUNYA,train
11362,DERMASON,train
6259,HOROZ,train
4274,CALI,train
13098,DERMASON,train
5209,CALI,train
4907,CALI,train
11239,DERMASON,train
10075,DERMASON,train
9324,SIRA,train
11168,DERMASON,train
6145,HOROZ,train
7690,SIRA,train
6741,HOROZ,train
11560,DERMASON,train
3863,BOMBAY,train
6789,HOROZ,train
11056,DERMASON,train
3438,BOMBAY,train
6587,HOROZ,train
6878,HOROZ,train
3517,BOMBAY,train
1228,SEKER,train
1006,SEKER,train
12054,DERMASON,train
4470,CALI,train
1588,SEKER,train
5969,HOROZ,train
3703,BOMBAY,train
13586,DERMASON,train
3089,BARBUNYA,train
11511,DERMASON,train
13293,DERMASON,train
9399,SIRA,train
1779,SEKER,train
391,SEKER,train
6686,HOROZ,train
11093,DERMASON,train
3284,BARBUNYA,train
10916,DERMASON,train
8317,SIRA,train
13145,DERMASON,train
9620,SIRA,train
8358,SIRA,train
9607,SIRA,train
770,SEKER,train
3799,BOMBAY,train
7834,SIRA,train
10356,DERMASON,train
3093,BARBUNYA,train
10848,DERMASON,train
5633,HOROZ,train
6164,HOROZ,train
4041,CALI,train
4778,CALI,train
10340,DERMASON,train
2407,BARBUNYA,train
3926,CALI,train
12061,DERMASON,train
5680,HOROZ,train
1098,SEKER,train
9622,SIRA,train
2820,BARBUNYA,train
6190,HOROZ,train
8498,SIRA,train
6034,HOROZ,train
406,SEKER,train
9808,SIRA,train
9483,SIRA,train
10944,DERMASON,train
9917,SIRA,train
6430,HOROZ,train
6912,HOROZ,train
4229,CALI,train
12422,DERMASON,train
7979,SIRA,train
8796,SIRA,train
859,SEKER,train
2051,BARBUNYA,train
9455,SIRA,train
5620,HOROZ,train
12101,DERMASON,train
10636,DERMASON,train
9068,SIRA,train
11126,DERMASON,train
9523,SIRA,train
10779,DERMASON,train
88,SEKER,train
733,SEKER,train
6832,HOROZ,train
4002,CALI,train
2392,BARBUNYA,train
13196,DERMASON,train
13450,DERMASON,train
9918,SIRA,train
10943,DERMASON,train
11045,DERMASON,train
6191,HOROZ,train
9768,SIRA,train
9347,SIRA,train
8780,SIRA,train
12240,DERMASON,train
11734,DERMASON,train
4086,CALI,train
3257,BARBUNYA,train
5541,HOROZ,train
9160,SIRA,train
10459,DERMASON,train
6830,HOROZ,train
3323,BARBUNYA,train
6133,HOROZ,train
2760,BARBUNYA,train
4390,CALI,train
4896,CALI,train
5199,CALI,train
9131,SIRA,train
4048,CALI,train
3304,BARBUNYA,train
11367,DERMASON,train
13545,DERMASON,train
12547,DERMASON,train
5137,CALI,train
3011,BARBUNYA,train
6026,HOROZ,train
8972,SIRA,train
13518,DERMASON,train
6572,HOROZ,train
8986,SIRA,train
9060,SIRA,train
6185,HOROZ,train
6687,HOROZ,train
12277,DERMASON,train
13352,DERMASON,train
6694,HOROZ,train
7414,HOROZ,train
3209,BARBUNYA,train
9740,SIRA,train
10928,DERMASON,train
5412,CALI,train
5647,HOROZ,train
11610,DERMASON,train
1040,SEKER,train
9950,SIRA,train
516,SEKER,train
3419,BOMBAY,train
8245,SIRA,train
6508,HOROZ,train
8059,SIRA,train
10834,DERMASON,train
7350,HOROZ,train
5153,CALI,train
3684,BOMBAY,train
1279,SEKER,train
9194,SIRA,train
193,SEKER,train
2238,BARBUNYA,train
4966,CALI,train
12366,DERMASON,train
13070,DERMASON,train
12420,DERMASON,train
6403,HOROZ,train
7216,HOROZ,train
1995,SEKER,train
11933,DERMASON,train
1463,SEKER,train
13413,DERMASON,train
5176,CALI,train
12213,DERMASON,train
5515,HOROZ,train
198,SEKER,train
8765,SIRA,train
639,SEKER,train
6187,HOROZ,train
12783,DERMASON,train
8804,SIRA,train
10603,DERMASON,train
13175,DERMASON,train
2286,BARBUNYA,train
5082,CALI,train
7650,SIRA,train
8462,SIRA,train
2751,BARBUNYA,train
9420,SIRA,train
1145,SEKER,train
6502,HOROZ,train
10850,DERMASON,train
1740,SEKER,train
2946,BARBUNYA,train
9684,SIRA,train
3198,BARBUNYA,train
5420,CALI,train
9707,SIRA,train
1096,SEKER,train
13399,DERMASON,train
10068,DERMASON,train
4337,CALI,train
363,SEKER,train
12152,DERMASON,train
3342,BARBUNYA,train
10634,DERMASON,train
622,SEKER,train
5222,CALI,train
3938,CALI,train
9354,SIRA,train
5389,CALI,train
5321,CALI,train
4775,CALI,train
4167,CALI,train
7459,SIRA,train
6532,HOROZ,train
8568,SIRA,train
3037,BARBUNYA,train
3732,BOMBAY,train
8940,SIRA,train
7524,SIRA,train
11440,DERMASON,train
11430,DERMASON,train
10428,DERMASON,train
3579,BOMBAY,train
3305,BARBUNYA,train
0,SEKER,train
12933,DERMASON,train
9881,SIRA,train
10290,DERMASON,train
9595,SIRA,train
1206,SEKER,train
11664,DERMASON,train
533,SEKER,train
12611,DERMASON,train
173,SEKER,train
11001,DERMASON,train
3985,CALI,train
7372,HOROZ,train
10596,DERMASON,train
3543,BOMBAY,train
12214,DERMASON,train
9400,SIRA,train
2045,BARBUNYA,train
6725,HOROZ,train
6483,HOROZ,train
5682,HOROZ,train
152,SEKER,train
7905,SIRA,train
1217,SEKER,train
10570,DERMASON,train
11193,DERMASON,train
861,SEKER,train
11802,DERMASON,train
9874,SIRA,train
11214,DERMASON,train
7163,HOROZ,train
1715,SEKER,train
13104,DERMASON,train
4403,CALI,train
9419,SIRA,train
11552,DERMASON,train
10132,DERMASON,train
9880,SIRA,train
8728,SIRA,train
8201,SIRA,train
12604,DERMASON,train
7105,HOROZ,train
4840,CALI,train
5059,CALI,train
12135,DERMASON,train
3234,BARBUNYA,train
6265,HOROZ,train
1026,SEKER,train
11780,DERMASON,train
4733,CALI,train
858,SEKER,train
1523,SEKER,train
8361,SIRA,train
3203,BARBUNYA,train
10601,DERMASON,train
3819,BOMBAY,train
7528,SIRA,train
7863,SIRA,train
12904,DERMASON,train
2166,BARBUNYA,train
617,SEKER,train
2868,BARBUNYA,train
7005,HOROZ,train
8048,SIRA,train
2670,BARBUNYA,train
6948,HOROZ,train
11803,DERMASON,train
4283,CALI,train
8773,SIRA,train
8910,SIRA,train
10841,DERMASON,train
11425,DERMASON,train
10799,DERMASON,train
1218,SEKER,train
10678,DERMASON,train
2953,BARBUNYA,train
2489,BARBUNYA,train
12065,DERMASON,train
1092,SEKER,train
12742,DERMASON,train
2701,BARBUNYA,train
885,SEKER,train
1285,SEKER,train
8174,SIRA,train
10066,DERMASON,train
827,SEKER,train
11084,DERMASON,train
2810,BARBUNYA,train
3844,BOMBAY,train
6208,HOROZ,train
5331,CALI,train
6004,HOROZ,train
2333,BARBUNYA,train
2996,BARBUNYA,train
8128,SIRA,train
2638,BARBUNYA,train
3935,CALI,train
2312,BARBUNYA,train
9659,SIRA,train
7267,HOROZ,train
95,SEKER,train
3664,BOMBAY,train
12628,DERMASON,train
9930,SIRA,train
11685,DERMASON,train
12957,DERMASON,train
1584,SEKER,train
666,SEKER,train
1787,SEKER,train
9934,SIRA,train
7895,SIRA,train
3239,BARBUNYA,train
10829,DERMASON,train
9000,SIRA,train
8076,SIRA,train
5046,CALI,train
10389,DERMASON,train
10671,DERMASON,train
12761,DERMASON,train
6927,HOROZ,train
130,SEKER,train
3781,BOMBAY,train
760,SEKER,train
1870,SEKER,train
3222,BARBUNYA,train
5492,CALI,train
2546,BARBUNYA,train
12031,DERMASON,train
7937,SIRA,train
7954,SIRA,train
561,SEKER,train
1113,SEKER,train
11940,DERMASON,train
12704,DERMASON,train
5862,HOROZ,train
10258,DERMASON,train
5711,HOROZ,train
9695,SIRA,train
543,SEKER,train
12444,DERMASON,train
11144,DERMASON,train
7444,SIRA,train
10992,DERMASON,train
4090,CALI,train
5174,CALI,train
2952,BARBUNYA,train
12679,DERMASON,train
2136,BARBUNYA,train
387,SEKER,train
10957,DERMASON,train
4600,CALI,train
12787,DERMASON,train
12559,DERMASON,train
3967,CALI,train
11469,DERMASON,train
4820,CALI,train
6636,HOROZ,train
1618,SEKER,train
8328,SIRA,train
8335,SIRA,train
9422,SIRA,train
11608,DERMASON,train
1509,SEKER,train
1333,SEKER,train
2095,BARBUNYA,train
3125,BARBUNYA,train
8586,SIRA,train
6637,HOROZ,train
4064,CALI,train
3823,BOMBAY,train
8937,SIRA,train
2441,BARBUNYA,train
1652,SEKER,train
13498,DERMASON,train
9551,SIRA,train
10536,DERMASON,train
10287,DERMASON,train
2158,BARBUNYA,train
3470,BOMBAY,train
13332,DERMASON,train
8324,SIRA,train
5386,CALI,train
2060,BARBUNYA,train
5133,CALI,train
819,SEKER,train
5717,HOROZ,train
12770,DERMASON,train
9441,SIRA,train
2886,BARBUNYA,train
8896,SIRA,train
2196,BARBUNYA,train
2072,BARBUNYA,train
10990,DERMASON,train
1107,SEKER,train
1398,SEKER,train
9036,SIRA,train
10518,DERMASON,train
12592,DERMASON,train
7816,SIRA,train
5358,CALI,train
13329,DERMASON,train
1431,SEKER,train
11206,DERMASON,train
10281,DERMASON,train
11421,DERMASON,train
3092,BARBUNYA,train
653,SEKER,train
6076,HOROZ,train
5422,CALI,train
9798,SIRA,train
5879,HOROZ,train
6898,HOROZ,train
12416,DERMASON,train
2597,BARBUNYA,train
9666,SIRA,train
10692,DERMASON,train
6260,HOROZ,train
2789,BARBUNYA,train
8416,SIRA,train
7729,SIRA,train
8970,SIRA,train
7610,SIRA,train
6285,HOROZ,train
11089,DERMASON,train
4474,CALI,train
4584,CALI,train
11218,DERMASON,train
12317,DERMASON,train
9192,SIRA,train
13071,DERMASON,train
5183,CALI,train
4380,CALI,train
344,SEKER,train
7373,HOROZ,train
5871,HOROZ,train
8018,SIRA,train
10741,DERMASON,train
9778,SIRA,train
796,SEKER,train
13262,DERMASON,train
12465,DERMASON,train
4477,CALI,train
5958,HOROZ,train
9969,SIRA,train
9511,SIRA,train
10971,DERMASON,train
568,SEKER,train
9726,SIRA,train
2847,BARBUNYA,train
8291,SIRA,train
1921,SEKER,train
13354,DERMASON,train
13198,DERMASON,train
3154,BARBUNYA,train
3867,BOMBAY,train
10449,DERMASON,train
11598,DERMASON,train
4702,CALI,train
12429,DERMASON,train
4523,CALI,train
3475,BOMBAY,train
3610,BOMBAY,train
7802,SIRA,train
5382,CALI,train
4085,CALI,train
3991,CALI,train
5570,HOROZ,train
6780,HOROZ,train
12043,DERMASON,train
9513,SIRA,train
13117,DERMASON,train
10158,DERMASON,train
7606,SIRA,train
9173,SIRA,train
4717,CALI,train
9460,SIRA,train
2704,BARBUNYA,train
11302,DERMASON,train
214,SEKER,train
1697,SEKER,train
9279,SIRA,train
2000,SEKER,train
8053,SIRA,train
7697,SIRA,train
273,SEKER,train
10105,DERMASON,train
11326,DERMASON,train
11669,DERMASON,train
9428,SIRA,train
13261,DERMASON,train
10438,DERMASON,train
7531,SIRA,train
9730,SIRA,train
1116,SEKER,train
277,SEKER,train
6019,HOROZ,train
3344,BARBUNYA,train
5160,CALI,train
8914,SIRA,train
7860,SIRA,train
9516,SIRA,train
169,SEKER,train
5207,CALI,train
3632,BOMBAY,train
7128,HOROZ,train
1039,SEKER,train
254,SEKER,train
2183,BARBUNYA,train
7614,SIRA,train
3005,BARBUNYA,train
13527,DERMASON,train
6966,HOROZ,train
4519,CALI,train
10020,SIRA,train
13535,DERMASON,train
10073,DERMASON,train
1189,SEKER,train
5565,HOROZ,train
11798,DERMASON,train
2891,BARBUNYA,train
9165,SIRA,train
1555,SEKER,train
12308,DERMASON,train
287,SEKER,train
4666,CALI,train
9665,SIRA,train
11697,DERMASON,train
2354,BARBUNYA,train
4803,CALI,train
9159,SIRA,train
7179,HOROZ,train
3555,BOMBAY,train
625,SEKER,train
1345,SEKER,train
5325,CALI,train
9724,SIRA,train
3422,BOMBAY,train
9241,SIRA,train
13085,DERMASON,train
12512,DERMASON,train
10345,DERMASON,train
5021,CALI,train
462,SEKER,train
6292,HOROZ,train
1003,SEKER,train
10860,DERMASON,train
5375,CALI,train
4169,CALI,train
2199,BARBUNYA,train
11166,DERMASON,train
2457,BARBUNYA,train
7988,SIRA,train
4847,CALI,train
8794,SIRA,train
6277,HOROZ,train
12776,DERMASON,train
8485,SIRA,train
2055,BARBUNYA,train
4313,CALI,train
12767,DERMASON,train
5965,HOROZ,train
12597,DERMASON,train
30,SEKER,train
4278,CALI,train
3807,BOMBAY,train
2093,BARBUNYA,train
5147,CALI,train
2622,BARBUNYA,train
3096,BARBUNYA,train
13094,DERMASON,train
11886,DERMASON,train
11259,DERMASON,train
5658,HOROZ,train
10876,DERMASON,train
12801,DERMASON,train
5637,HOROZ,train
5512,HOROZ,train
12544,DERMASON,train
1889,SEKER,train
12400,DERMASON,train
11793,DERMASON,train
3899,CALI,train
10650,DERMASON,train
4564,CALI,train
2600,BARBUNYA,train
8391,SIRA,train
1867,SEKER,train
13096,DERMASON,train
9303,SIRA,train
564,SEKER,train
2980,BARBUNYA,train
651,SEKER,train
1521,SEKER,train
4338,CALI,train
2783,BARBUNYA,train
240,SEKER,train
6997,HOROZ,train
9301,SIRA,train
2293,BARBUNYA,train
2967,BARBUNYA,train
3876,CALI,train
8175,SIRA,train
3561,BOMBAY,train
2759,BARBUNYA,train
13256,DERMASON,train
3018,BARBUNYA,train
4062,CALI,train
2338,BARBUNYA,train
10241,DERMASON,train
52,SEKER,train
8573,SIRA,train
13398,DERMASON,train
4909,CALI,train
460,SEKER,train
582,SEKER,train
10325,DERMASON,train
2964,BARBUNYA,train
4125,CALI,train
3848,BOMBAY,train
6914,HOROZ,train
5251,CALI,train
9444,SIRA,train
4742,CALI,train
8821,SIRA,train
12645,DERMASON,train
566,SEKER,train
8360,SIRA,train
3084,BARBUNYA,train
1261,SEKER,train
12670,DERMASON,train
1617,SEKER,train
3142,BARBUNYA,train
12469,DERMASON,train
1081,SEKER,train
11046,DERMASON,train
11962,DERMASON,train
7526,SIRA,train
6756,HOROZ,train
13135,DERMASON,train
814,SEKER,train
13579,DERMASON,train
2715,BARBUNYA,train
12732,DERMASON,train
418,SEKER,train
5867,HOROZ,train
3238,BARBUNYA,train
12142,DERMASON,train
11174,DERMASON,train
6267,HOROZ,train
9083,SIRA,train
6539,HOROZ,train
13116,DERMASON,train
1771,SEKER,train
8719,SIRA,train
2762,BARBUNYA,train
155,SEKER,train
10527,DERMASON,train
5895,HOROZ,train
5725,HOROZ,train
8982,SIRA,train
7484,SIRA,train
7112,HOROZ,train
3292,BARBUNYA,train
4972,CALI,train
11183,DERMASON,train
11051,DERMASON,train
4373,CALI,train
11549,DERMASON,train
6945,HOROZ,train
3443,BOMBAY,train
6427,HOROZ,train
2208,BARBUNYA,train
4296,CALI,train
8173,SIRA,train
12183,DERMASON,train
5240,CALI,train
3441,BOMBAY,train
11397,DERMASON,train
5304,CALI,train
2716,BARBUNYA,train
1611,SEKER,train
10935,DERMASON,train
11247,DERMASON,train
1908,SEKER,train
6039,HOROZ,train
10404,DERMASON,train
10254,DERMASON,train
3282,BARBUNYA,train
11374,DERMASON,train
13298,DERMASON,train
862,SEKER,train
4208,CALI,train
8517,SIRA,train
6543,HOROZ,train
7061,HOROZ,train
8767,SIRA,train
5156,CALI,train
1227,SEKER,train
2004,SEKER,train
10960,DERMASON,train
9957,SIRA,train
3100,BARBUNYA,train
11925,DERMASON,train
8469,SIRA,train
13407,DERMASON,train
2895,BARBUNYA,train
10748,DERMASON,train
9380,SIRA,train
977,SEKER,train
4853,CALI,train
7258,HOROZ,train
12796,DERMASON,train
763,SEKER,train
1480,SEKER,train
11705,DERMASON,train
10637,DERMASON,train
5740,HOROZ,train
11523,DERMASON,train
1925,SEKER,train
1780,SEKER,train
2036,BARBUNYA,train
8019,SIRA,train
11375,DERMASON,train
1531,SEKER,train
571,SEKER,train
3627,BOMBAY,train
6990,HOROZ,train
4281,CALI,train
8666,SIRA,train
3445,BOMBAY,train
3197,BARBUNYA,train
5829,HOROZ,train
1510,SEKER,train
2205,BARBUNYA,train
4301,CALI,train
3789,BOMBAY,train
3607,BOMBAY,train
1655,SEKER,train
7222,HOROZ,train
4989,CALI,train
1063,SEKER,train
8143,SIRA,train
12639,DERMASON,train
2965,BARBUNYA,train
1951,SEKER,train
3945,CALI,train
1268,SEKER,train
13471,DERMASON,train
6373,HOROZ,train
6299,HOROZ,train
1444,SEKER,train
576,SEKER,train
10638,DERMASON,train
12179,DERMASON,train
6290,HOROZ,train
12743,DERMASON,train
10499,DERMASON,train
2657,BARBUNYA,train
1817,SEKER,train
6500,HOROZ,train
3137,BARBUNYA,train
8066,SIRA,train
7445,SIRA,train
6217,HOROZ,train
2772,BARBUNYA,train
11307,DERMASON,train
12417,DERMASON,train
8996,SIRA,train
6195,HOROZ,train
1861,SEKER,train
4292,CALI,train
1118,SEKER,train
297,SEKER,train
12772,DERMASON,train
6377,HOROZ,train
12615,DERMASON,train
7369,HOROZ,train
3908,CALI,train
8756,SIRA,train
11417,DERMASON,train
6235,HOROZ,train
3254,BARBUNYA,train
3062,BARBUNYA,train
9762,SIRA,train
11781,DERMASON,train
6799,HOROZ,train
4553,CALI,train
4999,CALI,train
5836,HOROZ,train
595,SEKER,train
9696,SIRA,train
13581,DERMASON,train
12354,DERMASON,train
8499,SIRA,train
11419,DERMASON,train
2505,BARBUNYA,train
420,SEKER,train
11410,DERMASON,train
2950,BARBUNYA,train
11285,DERMASON,train
4891,CALI,train
10011,SIRA,train
11343,DERMASON,train
7422,HOROZ,train
2908,BARBUNYA,train
5514,HOROZ,train
5488,CALI,train
8277,SIRA,train
12541,DERMASON,train
10546,DERMASON,train
9528,SIRA,train
11351,DERMASON,train
11290,DERMASON,train
2341,BARBUNYA,train
8676,SIRA,train
11510,DERMASON,train
4128,CALI,train
159,SEKER,train
9677,SIRA,train
9285,SIRA,train
10774,DERMASON,train
458,SEKER,train
7679,SIRA,train
4306,CALI,train
8347,SIRA,train
9576,SIRA,train
495,SEKER,train
3433,BOMBAY,train
13537,DERMASON,train
1568,SEKER,train
6038,HOROZ,train
7624,SIRA,train
9884,SIRA,train
11747,DERMASON,train
10131,DERMASON,train
11872,DERMASON,train
11434,DERMASON,train
4984,CALI,train
4696,CALI,train
10735,DERMASON,train
12802,DERMASON,train
12441,DERMASON,train
5440,CALI,train
11278,DERMASON,train
2625,BARBUNYA,train
6607,HOROZ,train
3056,BARBUNYA,train
5083,CALI,train
9248,SIRA,train
10561,DERMASON,train
5866,HOROZ,train
2554,BARBUNYA,train
4341,CALI,train
7695,SIRA,train
9466,SIRA,train
9649,SIRA,train
4982,CALI,train
13378,DERMASON,train
619,SEKER,train
11735,DERMASON,train
2471,BARBUNYA,train
7078,HOROZ,train
12243,DERMASON,train
11706,DERMASON,train
12684,DERMASON,train
2388,BARBUNYA,train
8405,SIRA,train
12206,DERMASON,train
2727,BARBUNYA,train
12249,DERMASON,train
2266,BARBUNYA,train
4105,CALI,train
6590,HOROZ,train
12140,DERMASON,train
2801,BARBUNYA,train
12138,DERMASON,train
12141,DERMASON,train
3660,BOMBAY,train
11522,DERMASON,train
7491,SIRA,train
6608,HOROZ,train
1381,SEKER,train
1999,SEKER,train
12999,DERMASON,train
1282,SEKER,train
7678,SIRA,train
3353,BOMBAY,train
1710,SEKER,train
3058,BARBUNYA,train
9793,SIRA,train
12175,DERMASON,train
13176,DERMASON,train
12458,DERMASON,train
4511,CALI,train
10640,DERMASON,train
5522,HOROZ,train
10743,DERMASON,train
2875,BARBUNYA,train
4522,CALI,train
5914,HOROZ,train
3581,BOMBAY,train
6565,HOROZ,train
4436,CALI,train
5281,CALI,train
9764,SIRA,train
12531,DERMASON,train
5805,HOROZ,train
5966,HOROZ,train
2966,BARBUNYA,train
8229,SIRA,train
6335,HOROZ,train
2346,BARBUNYA,train
1384,SEKER,train
10238,DERMASON,train
3012,BARBUNYA,train
1734,SEKER,train
12785,DERMASON,train
1862,SEKER,train
11090,DERMASON,train
7229,HOROZ,train
2851,BARBUNYA,train
13000,DERMASON,train
7730,SIRA,train
10542,DERMASON,train
8737,SIRA,train
9539,SIRA,train
10687,DERMASON,train
5800,HOROZ,train
485,SEKER,train
12098,DERMASON,train
1751,SEKER,train
9693,SIRA,train
10446,DERMASON,train
12349,DERMASON,train
4151,CALI,train
6634,HOROZ,train
2565,BARBUNYA,train
9829,SIRA,train
12346,DERMASON,train
12996,DERMASON,train
63,SEKER,train
2889,BARBUNYA,train
4435,CALI,train
3193,BARBUNYA,train
2212,BARBUNYA,train
7629,SIRA,train
11208,DERMASON,train
4115,CALI,train
10615,DERMASON,train
11349,DERMASON,train
11018,DERMASON,train
5130,CALI,train
2610,BARBUNYA,train
1200,SEKER,train
6850,HOROZ,train
1574,SEKER,train
11992,DERMASON,train
4899,CALI,train
7054,HOROZ,train
8670,SIRA,train
9034,SIRA,train
6728,HOROZ,train
12580,DERMASON,train
13359,DERMASON,train
12505,DERMASON,train
13540,DERMASON,train
2922,BARBUNYA,train
390,SEKER,train
1053,SEKER,train
6624,HOROZ,train
10524,DERMASON,train
1996,SEKER,train
11818,DERMASON,train
11390,DERMASON,train
635,SEKER,train
5546,HOROZ,train
5179,CALI,train
11840,DERMASON,train
8885,SIRA,train
3300,BARBUNYA,train
9499,SIRA,train
5607,HOROZ,train
5189,CALI,train
11042,DERMASON,train
7539,SIRA,train
8451,SIRA,train
8731,SIRA,train
11563,DERMASON,train
9395,SIRA,train
1859,SEKER,train
4372,CALI,train
8140,SIRA,train
347,SEKER,train
10327,DERMASON,train
7477,SIRA,train
1824,SEKER,train
4776,CALI,train
3306,BARBUNYA,train
8551,SIRA,train
6530,HOROZ,train
11453,DERMASON,train
10900,DERMASON,train
9018,SIRA,train
3779,BOMBAY,train
5690,HOROZ,train
397,SEKER,train
5945,HOROZ,train
11820,DERMASON,train
13277,DERMASON,train
2323,BARBUNYA,train
3079,BARBUNYA,train
6717,HOROZ,train
8458,SIRA,train
12603,DERMASON,train
27,SEKER,train
8260,SIRA,train
9110,SIRA,train
5206,CALI,train
4976,CALI,train
5305,CALI,train
8668,SIRA,train
1387,SEKER,train
11119,DERMASON,train
8512,SIRA,train
9233,SIRA,train
1275,SEKER,train
475,SEKER,train
7462,SIRA,train
3903,CALI,train
8188,SIRA,train
8113,SIRA,train
4607,CALI,train
4960,CALI,train
8115,SIRA,train
7557,SIRA,train
1242,SEKER,train
12747,DERMASON,train
3251,BARBUNYA,train
2241,BARBUNYA,train
3245,BARBUNYA,train
5781,HOROZ,train
1262,SEKER,train
1048,SEKER,train
5426,CALI,train
3280,BARBUNYA,train
9867,SIRA,train
12456,DERMASON,train
8511,SIRA,train
13296,DERMASON,train
4055,CALI,train
8095,SIRA,train
13575,DERMASON,train
3992,CALI,train
7620,SIRA,train
8027,SIRA,train
7238,HOROZ,train
1814,SEKER,train
6952,HOROZ,train
4715,CALI,train
10465,DERMASON,train
12125,DERMASON,train
3699,BOMBAY,train
1935,SEKER,train
1411,SEKER,train
3484,BOMBAY,train
8530,SIRA,train
6365,HOROZ,train
13600,DERMASON,train
10385,DERMASON,train
5626,HOROZ,train
2506,BARBUNYA,train
5701,HOROZ,train
740,SEKER,train
303,SEKER,train
9082,SIRA,train
11295,DERMASON,train
11678,DERMASON,train
340,SEKER,train
11980,DERMASON,train
6415,HOROZ,train
11450,DERMASON,train
646,SEKER,train
5208,CALI,train
6698,HOROZ,train
10487,DERMASON,train
9898,SIRA,train
1718,SEKER,train
3954,CALI,train
4392,CALI,train
404,SEKER,train
11342,DERMASON,train
4367,CALI,train
2361,BARBUNYA,train
7351,HOROZ,train
11913,DERMASON,train
6157,HOROZ,train
11269,DERMASON,train
7189,HOROZ,train
1412,SEKER,train
2901,BARBUNYA,train
450,SEKER,train
12697,DERMASON,train
4433,CALI,train
8501,SIRA,train
5330,CALI,train
8802,SIRA,train
8281,SIRA,train
12873,DERMASON,train
4987,CALI,train
2175,BARBUNYA,train
12625,DERMASON,train
2010,SEKER,train
5369,CALI,train
76,SEKER,train
3868,BOMBAY,train
6264,HOROZ,train
13392,DERMASON,train
10100,DERMASON,train
6769,HOROZ,train
3148,BARBUNYA,train
11052,DERMASON,train
11003,DERMASON,train
9163,SIRA,train
6920,HOROZ,train
12325,DERMASON,train
9685,SIRA,train
10061,SIRA,train
13362,DERMASON,train
11204,DERMASON,train
13280,DERMASON,train
8590,SIRA,train
184,SEKER,train
11394,DERMASON,train
1854,SEKER,train
1898,SEKER,train
2611,BARBUNYA,train
11177,DERMASON,train
4529,CALI,train
1766,SEKER,train
12123,DERMASON,train
11982,DERMASON,train
6848,HOROZ,train
3662,BOMBAY,train
4642,CALI,train
10903,DERMASON,train
9559,SIRA,train
9464,SIRA,train
12364,DERMASON,train
4750,CALI,train
13174,DERMASON,train
7412,HOROZ,train
402,SEKER,train
11592,DERMASON,train
11436,DERMASON,train
11134,DERMASON,train
2532,BARBUNYA,train
4541,CALI,train
2855,BARBUNYA,train
7107,HOROZ,train
4072,CALI,train
3162,BARBUNYA,train
2902,BARBUNYA,train
3987,CALI,train
5107,CALI,train
531,SEKER,train
4695,CALI,train
8262,SIRA,train
5790,HOROZ,train
11338,DERMASON,train
12193,DERMASON,train
1160,SEKER,train
10130,DERMASON,train
11660,DERMASON,train
10590,DERMASON,train
286,SEKER,train
2491,BARBUNYA,train
10005,SIRA,train
7091,HOROZ,train
805,SEKER,train
8082,SIRA,train
11665,DERMASON,train
10456,DERMASON,train
1522,SEKER,train
6559,HOROZ,train
4418,CALI,train
151,SEKER,train
11082,DERMASON,train
10898,DERMASON,train
8946,SIRA,train
1782,SEKER,train
7485,SIRA,train
5810,HOROZ,train
11187,DERMASON,train
7677,SIRA,train
8441,SIRA,train
245,SEKER,train
5973,HOROZ,train
5622,HOROZ,train
5232,CALI,train
9850,SIRA,train
1400,SEKER,train
606,SEKER,train
4940,CALI,train
7952,SIRA,train
9690,SIRA,train
12843,DERMASON,train
6563,HOROZ,train
2595,BARBUNYA,train
3798,BOMBAY,train
11923,DERMASON,train
2671,BARBUNYA,train
2698,BARBUNYA,train
9433,SIRA,train
8976,SIRA,train
2636,BARBUNYA,train
9902,SIRA,train
2553,BARBUNYA,train
194,SEKER,train
3383,BOMBAY,train
2356,BARBUNYA,train
8549,SIRA,train
2308,BARBUNYA,train
11481,DERMASON,train
3834,BOMBAY,train
11917,DERMASON,train
8139,SIRA,train
9261,SIRA,train
2300,BARBUNYA,train
10941,DERMASON,train
8253,SIRA,train
11881,DERMASON,train
10504,DERMASON,train
2737,BARBUNYA,train
7326,HOROZ,train
6745,HOROZ,train
1249,SEKER,train
10121,DERMASON,train
5278,CALI,train
11464,DERMASON,train
5141,CALI,train
3922,CALI,train
6162,HOROZ,train
4771,CALI,train
11809,DERMASON,train
13246,DERMASON,train
181,SEKER,train
3631,BOMBAY,train
12335,DERMASON,train
11585,DERMASON,train
12477,DERMASON,train
12428,DERMASON,train
3729,BOMBAY,train
3267,BARBUNYA,train
5856,HOROZ,train
746,SEKER,train
12118,DERMASON,train
3862,BOMBAY,train
6086,HOROZ,train
6668,HOROZ,train
4958,CALI,train
4471,CALI,train
1215,SEKER,train
5783,HOROZ,train
7530,SIRA,train
8531,SIRA,train
4565,CALI,train
9766,SIRA,train
324,SEKER,train
2766,BARBUNYA,train
3645,BOMBAY,train
11022,DERMASON,train
2106,BARBUNYA,train
11503,DERMASON,train
1044,SEKER,train
11291,DERMASON,train
11994,DERMASON,train
8454,SIRA,train
2681,BARBUNYA,train
4057,CALI,train
3896,CALI,train
7889,SIRA,train
7800,SIRA,train
6435,HOROZ,train
1283,SEKER,train
13229,DERMASON,train
10171,DERMASON,train
8311,SIRA,train
3583,BOMBAY,train
2171,BARBUNYA,train
2569,BARBUNYA,train
3818,BOMBAY,train
8067,SIRA,train
5287,CALI,train
3961,CALI,train
1335,SEKER,train
12623,DERMASON,train
6994,HOROZ,train
1295,SEKER,train
1513,SEKER,train
8353,SIRA,train
4937,CALI,train
6073,HOROZ,train
1536,SEKER,train
11233,DERMASON,train
1126,SEKER,train
13327,DERMASON,train
7943,SIRA,train
3704,BOMBAY,train
13221,DERMASON,train
5231,CALI,train
6751,HOROZ,train
6719,HOROZ,train
13059,DERMASON,train
10196,DERMASON,train
11567,DERMASON,train
12510,DERMASON,train
9656,SIRA,train
11729,DERMASON,train
7457,SIRA,train
9941,SIRA,train
1979,SEKER,train
3897,CALI,train
12032,DERMASON,train
11275,DERMASON,train
13458,DERMASON,train
5236,CALI,train
5037,CALI,train
12651,DERMASON,train
10523,DERMASON,train
12180,DERMASON,train
4485,CALI,train
2367,BARBUNYA,train
9891,SIRA,train
5359,CALI,train
4073,CALI,train
8559,SIRA,train
12239,DERMASON,train
9088,SIRA,train
156,SEKER,train
1737,SEKER,train
3345,BARBUNYA,train
10602,DERMASON,train
1408,SEKER,train
11393,DERMASON,train
9054,SIRA,train
12714,DERMASON,train
6859,HOROZ,train
2512,BARBUNYA,train
2221,BARBUNYA,train
10407,DERMASON,train
3398,BOMBAY,train
6091,HOROZ,train
6467,HOROZ,train
361,SEKER,train
1506,SEKER,train
695,SEKER,train
9152,SIRA,train
9777,SIRA,train
7155,HOROZ,train
10401,DERMASON,train
2081,BARBUNYA,train
12946,DERMASON,train
11901,DERMASON,train
12758,DERMASON,train
7171,HOROZ,train
11785,DERMASON,train
12673,DERMASON,train
1947,SEKER,train
3611,BOMBAY,train
10229,DERMASON,train
815,SEKER,train
1379,SEKER,train
5687,HOROZ,train
1198,SEKER,train
9356,SIRA,train
11021,DERMASON,train
5405,CALI,train
6905,HOROZ,train
9830,SIRA,train
1415,SEKER,train
940,SEKER,train
8338,SIRA,train
12320,DERMASON,train
12284,DERMASON,train
7256,HOROZ,train
2302,BARBUNYA,train
8827,SIRA,train
8415,SIRA,train
8237,SIRA,train
6169,HOROZ,train
4560,CALI,train
9847,SIRA,train
9787,SIRA,train
11493,DERMASON,train
7021,HOROZ,train
10314,DERMASON,train
7464,SIRA,train
378,SEKER,train
3161,BARBUNYA,train
8220,SIRA,train
45,SEKER,train
12718,DERMASON,train
7450,SIRA,train
6583,HOROZ,train
5645,HOROZ,train
10951,DERMASON,train
2872,BARBUNYA,train
1744,SEKER,train
4321,CALI,train
7984,SIRA,train
1968,SEKER,train
1865,SEKER,train
7075,HOROZ,train
13235,DERMASON,train
1770,SEKER,train
6070,HOROZ,train
5883,HOROZ,train
2973,BARBUNYA,train
843,SEKER,train
8581,SIRA,train
13134,DERMASON,train
2487,BARBUNYA,train
6416,HOROZ,train
8886,SIRA,train
5158,CALI,train
6662,HOROZ,train
9849,SIRA,train
2292,BARBUNYA,train
4312,CALI,train
3431,BOMBAY,train
10672,DERMASON,train
1736,SEKER,train
4626,CALI,train
8661,SIRA,train
3698,BOMBAY,train
13211,DERMASON,train
7641,SIRA,train
8915,SIRA,train
2325,BARBUNYA,train
13286,DERMASON,train
6405,HOROZ,train
4637,CALI,train
8967,SIRA,train
13603,DERMASON,train
1172,SEKER,train
1064,SEKER,train
4154,CALI,train
7156,HOROZ,train
3642,BOMBAY,train
434,SEKER,train
8051,SIRA,train
3648,BOMBAY,train
4453,CALI,train
8834,SIRA,train
2059,BARBUNYA,train
6161,HOROZ,train
10363,DERMASON,train
12222,DERMASON,train
10880,DERMASON,train
2316,BARBUNYA,train
8859,SIRA,train
12280,DERMASON,train
3917,CALI,train
12708,DERMASON,train
5498,CALI,train
5017,CALI,train
8562,SIRA,train
1601,SEKER,train
11337,DERMASON,train
3483,BOMBAY,train
3266,BARBUNYA,train
4741,CALI,train
3121,BARBUNYA,train
9862,SIRA,train
4438,CALI,train
2829,BARBUNYA,train
3310,BARBUNYA,train
174,SEKER,train
4577,CALI,train
1594,SEKER,train
3974,CALI,train
10932,DERMASON,train
9901,SIRA,train
12294,DERMASON,train
12494,DERMASON,train
7241,HOROZ,train
4571,CALI,train
2133,BARBUNYA,train
10815,DERMASON,train
2870,BARBUNYA,train
1280,SEKER,train
8958,SIRA,train
1413,SEKER,train
10690,DERMASON,train
4805,CALI,train
11036,DERMASON,train
5987,HOROZ,train
12050,DERMASON,train
10051,SIRA,train
9749,SIRA,train
8022,SIRA,train
1580,SEKER,train
4946,CALI,train
6436,HOROZ,train
9289,SIRA,train
5537,HOROZ,train
1855,SEKER,train
6975,HOROZ,train
5126,CALI,train
10858,DERMASON,train
9232,SIRA,train
12973,DERMASON,train
2738,BARBUNYA,train
13055,DERMASON,train
1458,SEKER,train
6028,HOROZ,train
8575,SIRA,train
10054,SIRA,train
8917,SIRA,train
8605,SIRA,train
9963,SIRA,train
9654,SIRA,train
685,SEKER,train
5663,HOROZ,train
4665,CALI,train
5672,HOROZ,train
26,SEKER,train
12564,DERMASON,train
4738,CALI,train
6549,HOROZ,train
10118,DERMASON,train
2580,BARBUNYA,train
11898,DERMASON,train
6126,HOROZ,train
10305,DERMASON,train
10085,DERMASON,train
1358,SEKER,train
9355,SIRA,train
6020,HOROZ,train
2542,BARBUNYA,train
2558,BARBUNYA,train
10488,DERMASON,train
1130,SEKER,train
6031,HOROZ,train
9124,SIRA,train
11578,DERMASON,train
11719,DERMASON,train
9305,SIRA,train
11675,DERMASON,train
11862,DERMASON,train
3143,BARBUNYA,train
5568,HOROZ,train
9526,SIRA,train
6215,HOROZ,train
7499,SIRA,train
13225,DERMASON,train
10278,DERMASON,train
8897,SIRA,train
8707,SIRA,train
6432,HOROZ,train
12990,DERMASON,train
9851,SIRA,train
1250,SEKER,train
9725,SIRA,train
1878,SEKER,train
11313,DERMASON,train
7308,HOROZ,train
13179,DERMASON,train
10273,DERMASON,train
9748,SIRA,train
2732,BARBUNYA,train
932,SEKER,train
12419,DERMASON,train
493,SEKER,train
2781,BARBUNYA,train
7712,SIRA,train
12331,DERMASON,train
7990,SIRA,train
10463,DERMASON,train
8355,SIRA,train
3576,BOMBAY,train
5543,HOROZ,train
963,SEKER,train
11850,DERMASON,train
6008,HOROZ,train
3837,BOMBAY,train
3764,BOMBAY,train
12461,DERMASON,train
8195,SIRA,train
4083,CALI,train
170,SEKER,train
8002,SIRA,train
11863,DERMASON,train
5355,CALI,train
4865,CALI,train
11080,DERMASON,train
4272,CALI,train
4824,CALI,train
9292,SIRA,train
12160,DERMASON,train
2784,BARBUNYA,train
1887,SEKER,train
7335,HOROZ,train
8001,SIRA,train
10466,DERMASON,train
2085,BARBUNYA,train
9115,SIRA,train
126,SEKER,train
9438,SIRA,train
1132,SEKER,train
2057,BARBUNYA,train
7977,SIRA,train
5894,HOROZ,train
8396,SIRA,train
1687,SEKER,train
1390,SEKER,train
4900,CALI,train
641,SEKER,train
11061,DERMASON,train
2416,BARBUNYA,train
472,SEKER,train
9249,SIRA,train
3499,BOMBAY,train
1112,SEKER,train
3457,BOMBAY,train
9840,SIRA,train
2425,BARBUNYA,train
3665,BOMBAY,train
4911,CALI,train
1633,SEKER,train
10654,DERMASON,train
11159,DERMASON,train
5951,HOROZ,train
7296,HOROZ,train
9797,SIRA,train
7792,SIRA,train
1022,SEKER,train
13259,DERMASON,train
11767,DERMASON,train
119,SEKER,train
4250,CALI,train
9394,SIRA,train
1891,SEKER,train
12261,DERMASON,train
4008,CALI,train
534,SEKER,train
11744,DERMASON,train
11359,DERMASON,train
4710,CALI,train
2014,SEKER,train
4770,CALI,train
10475,DERMASON,train
4071,CALI,train
7894,SIRA,train
9366,SIRA,train
2442,BARBUNYA,train
1196,SEKER,train
6831,HOROZ,train
4682,CALI,train
972,SEKER,train
12655,DERMASON,train
8653,SIRA,train
11995,DERMASON,train
982,SEKER,train
10618,DERMASON,train
185,SEKER,train
1341,SEKER,train
8205,SIRA,train
7856,SIRA,train
4415,CALI,train
10619,DERMASON,train
257,SEKER,train
39,SEKER,train
13192,DERMASON,train
12731,DERMASON,train
2568,BARBUNYA,train
1936,SEKER,train
9989,SIRA,train
10812,DERMASON,train
509,SEKER,train
5291,CALI,train
12929,DERMASON,train
11909,DERMASON,train
8879,SIRA,train
4700,CALI,train
4632,CALI,train
7714,SIRA,train
5292,CALI,train
9713,SIRA,train
4677,CALI,train
299,SEKER,train
12992,DERMASON,train
7970,SIRA,train
7158,HOROZ,train
10998,DERMASON,train
4394,CALI,train
13506,DERMASON,train
6570,HOROZ,train
4652,CALI,train
5746,HOROZ,train
13365,DERMASON,train
8993,SIRA,train
11416,DERMASON,train
12375,DERMASON,train
8533,SIRA,train
3180,BARBUNYA,train
2731,BARBUNYA,train
1534,SEKER,train
4058,CALI,train
3244,BARBUNYA,train
1061,SEKER,train
11385,DERMASON,train
6329,HOROZ,train
13166,DERMASON,train
11998,DERMASON,train
8420,SIRA,train
11847,DERMASON,train
1576,SEKER,train
9573,SIRA,train
12224,DERMASON,train
7601,SIRA,train
8596,SIRA,train
11060,DERMASON,train
13168,DERMASON,train
4486,CALI,train
5429,CALI,train
13566,DERMASON,train
7397,HOROZ,train
2878,BARBUNYA,train
8735,SIRA,train
8164,SIRA,train
12899,DERMASON,train
11626,DERMASON,train
7575,SIRA,train
10096,DERMASON,train
6934,HOROZ,train
7529,SIRA,train
9314,SIRA,train
3178,BARBUNYA,train
4680,CALI,train
4009,CALI,train
10540,DERMASON,train
11075,DERMASON,train
7188,HOROZ,train
11019,DERMASON,train
8781,SIRA,train
912,SEKER,train
3982,CALI,train
255,SEKER,train
5290,CALI,train
1918,SEKER,train
11107,DERMASON,train
5019,CALI,train
969,SEKER,train
2189,BARBUNYA,train
8621,SIRA,train
7056,HOROZ,train
5957,HOROZ,train
1858,SEKER,train
10077,DERMASON,train
790,SEKER,train
10383,DERMASON,train
7072,HOROZ,train
13547,DERMASON,train
5946,HOROZ,train
19,SEKER,train
9177,SIRA,train
10027,SIRA,train
12392,DERMASON,train
10621,DERMASON,train
6056,HOROZ,train
13570,DERMASON,train
8480,SIRA,train
4754,CALI,train
3151,BARBUNYA,train
3893,CALI,train
580,SEKER,train
6679,HOROZ,train
8436,SIRA,train
8761,SIRA,train
4088,CALI,train
2871,BARBUNYA,train
4017,CALI,train
2384,BARBUNYA,train
11477,DERMASON,train
3873,CALI,train
165,SEKER,train
11600,DERMASON,train
7664,SIRA,train
11671,DERMASON,train
7280,HOROZ,train
12130,DERMASON,train
1070,SEKER,train
1896,SEKER,train
8864,SIRA,train
4417,CALI,train
7722,SIRA,train
6793,HOROZ,train
7941,SIRA,train
5706,HOROZ,train
4261,CALI,train
1693,SEKER,train
13510,DERMASON,train
11092,DERMASON,train
6524,HOROZ,train
13072,DERMASON,train
6063,HOROZ,train
7593,SIRA,train
11696,DERMASON,train
1511,SEKER,train
5657,HOROZ,train
9619,SIRA,train
12468,DERMASON,train
12636,DERMASON,train
8065,SIRA,train
11975,DERMASON,train
12633,DERMASON,train
6315,HOROZ,train
3988,CALI,train
6128,HOROZ,train
10503,DERMASON,train
179,SEKER,train
12967,DERMASON,train
12398,DERMASON,train
3308,BARBUNYA,train
13273,DERMASON,train
3883,CALI,train
11939,DERMASON,train
4069,CALI,train
527,SEKER,train
6150,HOROZ,train
3411,BOMBAY,train
13269,DERMASON,train
4881,CALI,train
10517,DERMASON,train
7470,SIRA,train
6964,HOROZ,train
3562,BOMBAY,train
732,SEKER,train
3464,BOMBAY,train
3570,BOMBAY,train
9080,SIRA,train
10766,DERMASON,train
9827,SIRA,train
12421,DERMASON,train
5826,HOROZ,train
9524,SIRA,train
9816,SIRA,train
3073,BARBUNYA,train
4938,CALI,train
8654,SIRA,train
3825,BOMBAY,train
12256,DERMASON,train
8899,SIRA,train
11504,DERMASON,train
7204,HOROZ,train
2094,BARBUNYA,train
5975,HOROZ,train
8873,SIRA,train
6192,HOROZ,train
2311,BARBUNYA,train
11370,DERMASON,train
767,SEKER,train
10873,DERMASON,train
3384,BOMBAY,train
4746,CALI,train
9699,SIRA,train
5409,CALI,train
7173,HOROZ,train
6911,HOROZ,train
365,SEKER,train
242,SEKER,train
7215,HOROZ,train
10109,DERMASON,train
1086,SEKER,train
4425,CALI,train
7426,HOROZ,train
6568,HOROZ,train
4382,CALI,train
11266,DERMASON,train
6961,HOROZ,train
1905,SEKER,train
9190,SIRA,train
6010,HOROZ,train
7022,HOROZ,train
7225,HOROZ,train
10111,DERMASON,train
1788,SEKER,train
2733,BARBUNYA,train
12506,DERMASON,train
11542,DERMASON,train
12333,DERMASON,train
7828,SIRA,train
285,SEKER,train
8597,SIRA,train
8832,SIRA,train
13402,DERMASON,train
2869,BARBUNYA,train
6947,HOROZ,train
9625,SIRA,train
1142,SEKER,train
762,SEKER,train
2108,BARBUNYA,train
10586,DERMASON,train
2560,BARBUNYA,train
2164,BARBUNYA,train
6158,HOROZ,train
9997,SIRA,train
11969,DERMASON,train
3493,BOMBAY,train
1799,SEKER,train
1661,SEKER,train
9015,SIRA,train
7839,SIRA,train
6358,HOROZ,train
2959,BARBUNYA,train
11286,DERMASON,train
8931,SIRA,train
2480,BARBUNYA,train
12299,DERMASON,train
6783,HOROZ,train
7801,SIRA,train
12610,DERMASON,train
6675,HOROZ,train
5792,HOROZ,train
4240,CALI,train
6593,HOROZ,train
6263,HOROZ,train
13335,DERMASON,train
4375,CALI,train
4331,CALI,train
12953,DERMASON,train
6597,HOROZ,train
7713,SIRA,train
7691,SIRA,train
10123,DERMASON,train
2284,BARBUNYA,train
4804,CALI,train
12234,DERMASON,train
4179,CALI,train
8153,SIRA,train
4053,CALI,train
4469,CALI,train
3477,BOMBAY,train
10039,SIRA,train
11519,DERMASON,train
13493,DERMASON,train
9543,SIRA,train
2439,BARBUNYA,train
1628,SEKER,train
11309,DERMASON,train
6499,HOROZ,train
5749,HOROZ,train
948,SEKER,train
10013,SIRA,train
9361,SIRA,train
7025,HOROZ,train
10322,DERMASON,train
9058,SIRA,train
12086,DERMASON,train
2885,BARBUNYA,train
6456,HOROZ,train
6684,HOROZ,train
9286,SIRA,train
3302,BARBUNYA,train
8667,SIRA,train
11068,DERMASON,train
5609,HOROZ,train
4091,CALI,train
5366,CALI,train
5595,HOROZ,train
2265,BARBUNYA,train
10629,DERMASON,train
5629,HOROZ,train
7192,HOROZ,train
9890,SIRA,train
246,SEKER,train
12238,DERMASON,train
5927,HOROZ,train
11264,DERMASON,train
2844,BARBUNYA,train
11224,DERMASON,train
455,SEKER,train
4758,CALI,train
6059,HOROZ,train
8957,SIRA,train
11274,DERMASON,train
1613,SEKER,train
3853,BOMBAY,train
9374,SIRA,train
2559,BARBUNYA,train
6294,HOROZ,train
3285,BARBUNYA,train
6141,HOROZ,train
1541,SEKER,train
10124,DERMASON,train
3176,BARBUNYA,train
8762,SIRA,train
8583,SIRA,train
6757,HOROZ,train
1832,SEKER,train
5618,HOROZ,train
9609,SIRA,train
8056,SIRA,train
4836,CALI,train
2938,BARBUNYA,train
5587,HOROZ,train
10221,DERMASON,train
11081,DERMASON,train
7745,SIRA,train
9218,SIRA,train
3341,BARBUNYA,train
4575,CALI,train
11105,DERMASON,train
8309,SIRA,train
3680,BOMBAY,train
7930,SIRA,train
934,SEKER,train
10001,SIRA,train
6420,HOROZ,train
10098,DERMASON,train
10002,SIRA,train
1,SEKER,train
1872,SEKER,train
4096,CALI,train
4303,CALI,train
5480,CALI,train
2617,BARBUNYA,train
6151,HOROZ,train
1182,SEKER,train
4094,CALI,train
12259,DERMASON,train
11714,DERMASON,train
4530,CALI,train
8624,SIRA,train
9217,SIRA,train
13122,DERMASON,train
13189,DERMASON,train
12550,DERMASON,train
2,SEKER,train
3582,BOMBAY,train
5074,CALI,train
11557,DERMASON,train
13102,DERMASON,train
5801,HOROZ,train
680,SEKER,train
5346,CALI,train
4580,CALI,train
7151,HOROZ,train
997,SEKER,train
5099,CALI,train
6278,HOROZ,train
11755,DERMASON,train
12236,DERMASON,train
11867,DERMASON,train
12291,DERMASON,train
11764,DERMASON,train
2247,BARBUNYA,train
4247,CALI,train
7535,SIRA,train
5365,CALI,train
10694,DERMASON,train
7341,HOROZ,train
11321,DERMASON,train
3366,BOMBAY,train
9439,SIRA,train
11731,DERMASON,train
11877,DERMASON,train
8598,SIRA,train
11312,DERMASON,train
7592,SIRA,train
12399,DERMASON,train
256,SEKER,train
6787,HOROZ,train
3748,BOMBAY,train
6301,HOROZ,train
11467,DERMASON,train
4145,CALI,train
9087,SIRA,train
11131,DERMASON,train
8234,SIRA,train
12402,DERMASON,train
10578,DERMASON,train
4196,CALI,train
9263,SIRA,train
5296,CALI,train
11708,DERMASON,train
1539,SEKER,train
757,SEKER,train
9351,SIRA,train
1162,SEKER,train
13326,DERMASON,train
2134,BARBUNYA,train
3486,BOMBAY,train
9751,SIRA,train
9191,SIRA,train
5500,CALI,train
7716,SIRA,train
2101,BARBUNYA,train
13509,DERMASON,train
7884,SIRA,train
1422,SEKER,train
1762,SEKER,train
7,SEKER,train
4483,CALI,train
4119,CALI,train
2105,BARBUNYA,train
13006,DERMASON,train
12762,DERMASON,train
3860,BOMBAY,train
10677,DERMASON,train
8332,SIRA,train
4644,CALI,train
9548,SIRA,train
11845,DERMASON,train
1696,SEKER,train
7000,HOROZ,train
12525,DERMASON,train
4550,CALI,train
11727,DERMASON,train
101,SEKER,train
6458,HOROZ,train
9527,SIRA,train
2944,BARBUNYA,train
10197,DERMASON,train
13100,DERMASON,train
6441,HOROZ,train
12774,DERMASON,train
2088,BARBUNYA,train
6551,HOROZ,train
9664,SIRA,train
11355,DERMASON,train
11496,DERMASON,train
4,SEKER,train
4162,CALI,train
1527,SEKER,train
13187,DERMASON,train
10486,DERMASON,train
4238,CALI,train
3166,BARBUNYA,train
13208,DERMASON,train
12972,DERMASON,train
13343,DERMASON,train
895,SEKER,train
6057,HOROZ,train
1649,SEKER,train
2198,BARBUNYA,train
8193,SIRA,train
12788,DERMASON,train
11334,DERMASON,train
9746,SIRA,train
5306,CALI,train
8563,SIRA,train
6106,HOROZ,train
2618,BARBUNYA,train
5540,HOROZ,train
9207,SIRA,train
11234,DERMASON,train
3435,BOMBAY,train
9456,SIRA,train
6087,HOROZ,train
2648,BARBUNYA,train
11805,DERMASON,train
407,SEKER,train
4036,CALI,train
9794,SIRA,train
7345,HOROZ,train
7430,SIRA,train
967,SEKER,train
3289,BARBUNYA,train
5602,HOROZ,train
6973,HOROZ,train
5392,CALI,train
6171,HOROZ,train
11800,DERMASON,train
12782,DERMASON,train
10909,DERMASON,train
13548,DERMASON,train
10464,DERMASON,train
6487,HOROZ,train
10919,DERMASON,train
4110,CALI,train
10988,DERMASON,train
3015,BARBUNYA,train
1961,SEKER,train
9273,SIRA,train
7434,SIRA,train
7953,SIRA,train
5022,CALI,train
12332,DERMASON,train
13081,DERMASON,train
7627,SIRA,train
794,SEKER,train
9678,SIRA,train
8456,SIRA,train
12971,DERMASON,train
3188,BARBUNYA,train
13082,DERMASON,train
11950,DERMASON,train
9449,SIRA,train
1464,SEKER,train
3350,BOMBAY,train
1690,SEKER,train
1548,SEKER,train
4410,CALI,train
6205,HOROZ,train
8463,SIRA,train
1966,SEKER,train
524,SEKER,train
7217,HOROZ,train
13379,DERMASON,train
2450,BARBUNYA,train
1641,SEKER,train
9555,SIRA,train
282,SEKER,train
914,SEKER,train
8343,SIRA,train
1424,SEKER,train
1391,SEKER,train
7252,HOROZ,train
4170,CALI,train
1977,SEKER,train
10807,DERMASON,train
6186,HOROZ,train
12246,DERMASON,train
9636,SIRA,train
10691,DERMASON,train
2269,BARBUNYA,train
12570,DERMASON,train
970,SEKER,train
8058,SIRA,train
9700,SIRA,train
2513,BARBUNYA,train
1078,SEKER,train
7466,SIRA,train
9154,SIRA,train
2203,BARBUNYA,train
6661,HOROZ,train
4861,CALI,train
5697,HOROZ,train
8114,SIRA,train
8052,SIRA,train
7755,SIRA,train
9951,SIRA,train
3075,BARBUNYA,train
2448,BARBUNYA,train
3088,BARBUNYA,train
2449,BARBUNYA,train
1034,SEKER,train
1128,SEKER,train
2570,BARBUNYA,train
6560,HOROZ,train
4256,CALI,train
9134,SIRA,train
12497,DERMASON,train
7261,HOROZ,train
5234,CALI,train
5508,HOROZ,train
6305,HOROZ,train
12177,DERMASON,train
3117,BARBUNYA,train
5461,CALI,train
2494,BARBUNYA,train
12986,DERMASON,train
10319,DERMASON,train
4918,CALI,train
7149,HOROZ,train
11919,DERMASON,train
7638,SIRA,train
2481,BARBUNYA,train
2561,BARBUNYA,train
3054,BARBUNYA,train
4928,CALI,train
260,SEKER,train
11839,DERMASON,train
8004,SIRA,train
1975,SEKER,train
6764,HOROZ,train
12594,DERMASON,train
8807,SIRA,train
5638,HOROZ,train
4327,CALI,train
5873,HOROZ,train
7071,HOROZ,train
9984,SIRA,train
3036,BARBUNYA,train
7299,HOROZ,train
8836,SIRA,train
10976,DERMASON,train
3334,BARBUNYA,train
7132,HOROZ,train
3249,BARBUNYA,train
12518,DERMASON,train
8585,SIRA,train
9231,SIRA,train
8510,SIRA,train
11250,DERMASON,train
2991,BARBUNYA,train
8488,SIRA,train
2603,BARBUNYA,train
9599,SIRA,train
8055,SIRA,train
5149,CALI,train
4310,CALI,train
13443,DERMASON,train
12356,DERMASON,train
10166,DERMASON,train
6908,HOROZ,train
1614,SEKER,train
2476,BARBUNYA,train
3927,CALI,train
8750,SIRA,train
1331,SEKER,train
12958,DERMASON,train
7734,SIRA,train
6511,HOROZ,train
11486,DERMASON,train
7568,SIRA,train
3391,BOMBAY,train
6280,HOROZ,train
7303,HOROZ,train
7935,SIRA,train
3252,BARBUNYA,train
12932,DERMASON,train
13605,DERMASON,train
7322,HOROZ,train
6001,HOROZ,train
10178,DERMASON,train
8570,SIRA,train
8386,SIRA,train
10969,DERMASON,train
1404,SEKER,train
7879,SIRA,train
5986,HOROZ,train
6027,HOROZ,train
11380,DERMASON,train
6884,HOROZ,train
1222,SEKER,train
7200,HOROZ,train
10846,DERMASON,train
2277,BARBUNYA,train
8608,SIRA,train
1305,SEKER,train
5696,HOROZ,train
3708,BOMBAY,train
8091,SIRA,train
6174,HOROZ,train
3082,BARBUNYA,train
13222,DERMASON,train
9660,SIRA,train
10534,DERMASON,train
5282,CALI,train
7298,HOROZ,train
2319,BARBUNYA,train
6580,HOROZ,train
12797,DERMASON,train
5224,CALI,train
6261,HOROZ,train
11097,DERMASON,train
5086,CALI,train
12997,DERMASON,train
12035,DERMASON,train
3656,BOMBAY,train
9562,SIRA,train
7674,SIRA,train
6362,HOROZ,train
8226,SIRA,train
5014,CALI,train
2721,BARBUNYA,train
7467,SIRA,train
5807,HOROZ,train
8163,SIRA,train
9931,SIRA,train
775,SEKER,train
12171,DERMASON,train
10836,DERMASON,train
10500,DERMASON,train
9892,SIRA,train
11376,DERMASON,train
3107,BARBUNYA,train
6468,HOROZ,train
7152,HOROZ,train
8801,SIRA,train
7832,SIRA,train
1657,SEKER,train
8346,SIRA,train
10361,DERMASON,train
7383,HOROZ,train
9432,SIRA,train
4077,CALI,train
262,SEKER,train
4097,CALI,train
2444,BARBUNYA,train
13220,DERMASON,train
3706,BOMBAY,train
8135,SIRA,train
9634,SIRA,train
263,SEKER,train
6861,HOROZ,train
3644,BOMBAY,train
9169,SIRA,train
8783,SIRA,train
1636,SEKER,train
6957,HOROZ,train
6009,HOROZ,train
10940,DERMASON,train
1322,SEKER,train
1724,SEKER,train
856,SEKER,train
9821,SIRA,train
11165,DERMASON,train
11716,DERMASON,train
12591,DERMASON,train
4720,CALI,train
12344,DERMASON,train
12539,DERMASON,train
10360,DERMASON,train
10172,DERMASON,train
6742,HOROZ,train
4726,CALI,train
4285,CALI,train
9435,SIRA,train
1728,SEKER,train
11395,DERMASON,train
7651,SIRA,train
3949,CALI,train
1672,SEKER,train
2677,BARBUNYA,train
9675,SIRA,train
1650,SEKER,train
3859,BOMBAY,train
1012,SEKER,train
2185,BARBUNYA,train
2423,BARBUNYA,train
11733,DERMASON,train
3551,BOMBAY,train
8751,SIRA,train
3094,BARBUNYA,train
11986,DERMASON,train
2780,BARBUNYA,train
6388,HOROZ,train
1671,SEKER,train
20,SEKER,train
9480,SIRA,train
4502,CALI,train
11922,DERMASON,train
4828,CALI,train
2808,BARBUNYA,train
5243,CALI,train
6387,HOROZ,train
8682,SIRA,train
12685,DERMASON,train
9672,SIRA,train
1485,SEKER,train
2089,BARBUNYA,train
12607,DERMASON,train
6228,HOROZ,train
12248,DERMASON,train
7511,SIRA,train
487,SEKER,train
8893,SIRA,train
12181,DERMASON,train
10047,SIRA,train
6072,HOROZ,train
3963,CALI,train
1183,SEKER,train
12916,DERMASON,train
8367,SIRA,train
1856,SEKER,train
12753,DERMASON,train
9257,SIRA,train
1741,SEKER,train
7918,SIRA,train
10128,DERMASON,train
4730,CALI,train
10980,DERMASON,train
11148,DERMASON,train
2353,BARBUNYA,train
1015,SEKER,train
10795,DERMASON,train
2126,BARBUNYA,train
2403,BARBUNYA,train
3514,BOMBAY,train
4855,CALI,train
259,SEKER,train
3776,BOMBAY,train
206,SEKER,train
6250,HOROZ,train
7365,HOROZ,train
12126,DERMASON,train
12393,DERMASON,train
11117,DERMASON,train
11834,DERMASON,train
3694,BOMBAY,train
5524,HOROZ,train
3940,CALI,train
9193,SIRA,train
5063,CALI,train
11754,DERMASON,train
3220,BARBUNYA,train
2526,BARBUNYA,train
744,SEKER,train
720,SEKER,train
10522,DERMASON,train
640,SEKER,train
12107,DERMASON,train
11494,DERMASON,train
979,SEKER,train
3459,BOMBAY,train
1807,SEKER,train
10550,DERMASON,train
4508,CALI,train
8595,SIRA,train
7240,HOROZ,train
11548,DERMASON,train
4662,CALI,train
1560,SEKER,train
2394,BARBUNYA,train
1354,SEKER,train
3689,BOMBAY,train
13167,DERMASON,train
8302,SIRA,train
9296,SIRA,train
2763,BARBUNYA,train
8121,SIRA,train
7475,SIRA,train
9258,SIRA,train
929,SEKER,train
7286,HOROZ,train
888,SEKER,train
7134,HOROZ,train
7861,SIRA,train
4339,CALI,train
6308,HOROZ,train
2534,BARBUNYA,train
2023,SEKER,train
8314,SIRA,train
8572,SIRA,train
9779,SIRA,train
7121,HOROZ,train
1892,SEKER,train
11948,DERMASON,train
6088,HOROZ,train
6101,HOROZ,train
12148,DERMASON,train
11151,DERMASON,train
2921,BARBUNYA,train
11516,DERMASON,train
8178,SIRA,train
3726,BOMBAY,train
9878,SIRA,train
6586,HOROZ,train
10864,DERMASON,train
4905,CALI,train
5803,HOROZ,train
8555,SIRA,train
1717,SEKER,train
6401,HOROZ,train
5764,HOROZ,train
13319,DERMASON,train
8493,SIRA,train
5903,HOROZ,train
884,SEKER,train
1497,SEKER,train
10832,DERMASON,train
11194,DERMASON,train
1515,SEKER,train
1492,SEKER,train
7245,HOROZ,train
3338,BARBUNYA,train
4257,CALI,train
12729,DERMASON,train
7122,HOROZ,train
8641,SIRA,train
1575,SEKER,train
12383,DERMASON,train
558,SEKER,train
777,SEKER,train
2402,BARBUNYA,train
6197,HOROZ,train
7508,SIRA,train
7570,SIRA,train
9769,SIRA,train
7622,SIRA,train
7141,HOROZ,train
2373,BARBUNYA,train
51,SEKER,train
13142,DERMASON,train
1090,SEKER,train
9914,SIRA,train
1563,SEKER,train
9031,SIRA,train
12598,DERMASON,train
6738,HOROZ,train
4476,CALI,train
1155,SEKER,train
6903,HOROZ,train
8381,SIRA,train
10746,DERMASON,train
6826,HOROZ,train
4681,CALI,train
10819,DERMASON,train
7287,HOROZ,train
5040,CALI,train
13460,DERMASON,train
9142,SIRA,train
4246,CALI,train
13336,DERMASON,train
9214,SIRA,train
6276,HOROZ,train
3552,BOMBAY,train
2120,BARBUNYA,train
258,SEKER,train
7307,HOROZ,train
12168,DERMASON,train
10730,DERMASON,train
11772,DERMASON,train
7062,HOROZ,train
10202,DERMASON,train
10954,DERMASON,train
8948,SIRA,train
4751,CALI,train
973,SEKER,train
11831,DERMASON,train
2446,BARBUNYA,train
1181,SEKER,train
1634,SEKER,train
11296,DERMASON,train
4020,CALI,train
9391,SIRA,train
9585,SIRA,train
2661,BARBUNYA,train
8359,SIRA,train
7455,SIRA,train
9096,SIRA,train
5129,CALI,train
4070,CALI,train
2602,BARBUNYA,train
10967,DERMASON,train
542,SEKER,train
3191,BARBUNYA,train
8225,SIRA,train
5204,CALI,train
4994,CALI,train
11924,DERMASON,train
7665,SIRA,train
4461,CALI,train
8475,SIRA,train
7951,SIRA,train
5432,CALI,train
11679,DERMASON,train
6470,HOROZ,train
2382,BARBUNYA,train
10203,DERMASON,train
9022,SIRA,train
532,SEKER,train
5329,CALI,train
116,SEKER,train
6531,HOROZ,train
11328,DERMASON,train
2527,BARBUNYA,train
2647,BARBUNYA,train
11013,DERMASON,train
10331,DERMASON,train
11205,DERMASON,train
7767,SIRA,train
10122,DERMASON,train
8375,SIRA,train
1187,SEKER,train
7782,SIRA,train
11999,DERMASON,train
2533,BARBUNYA,train
9487,SIRA,train
13514,DERMASON,train
4656,CALI,train
3301,BARBUNYA,train
12657,DERMASON,train
3133,BARBUNYA,train
5080,CALI,train
976,SEKER,train
11961,DERMASON,train
4649,CALI,train
4718,CALI,train
10609,DERMASON,train
9109,SIRA,train
11047,DERMASON,train
4927,CALI,train
7140,HOROZ,train
12275,DERMASON,train
288,SEKER,train
1806,SEKER,train
9013,SIRA,train
9916,SIRA,train
11104,DERMASON,train
1791,SEKER,train
2866,BARBUNYA,train
10792,DERMASON,train
11884,DERMASON,train
3865,BOMBAY,train
9452,SIRA,train
8711,SIRA,train
7652,SIRA,train
5837,HOROZ,train
693,SEKER,train
616,SEKER,train
6730,HOROZ,train
108,SEKER,train
2261,BARBUNYA,train
9225,SIRA,train
6817,HOROZ,train
115,SEKER,train
677,SEKER,train
765,SEKER,train
7897,SIRA,train
2210,BARBUNYA,train
11386,DERMASON,train
7506,SIRA,train
3390,BOMBAY,train
374,SEKER,train
9652,SIRA,train
7602,SIRA,train
4042,CALI,train
4509,CALI,train
7184,HOROZ,train
10080,DERMASON,train
247,SEKER,train
11391,DERMASON,train
12276,DERMASON,train
172,SEKER,train
13320,DERMASON,train
4554,CALI,train
10160,DERMASON,train
9922,SIRA,train
3299,BARBUNYA,train
8664,SIRA,train
5786,HOROZ,train
7079,HOROZ,train
13549,DERMASON,train
1703,SEKER,train
9437,SIRA,train
12034,DERMASON,train
11505,DERMASON,train
6856,HOROZ,train
12251,DERMASON,train
728,SEKER,train
958,SEKER,train
13243,DERMASON,train
10635,DERMASON,train
2307,BARBUNYA,train
12042,DERMASON,train
6953,HOROZ,train
4725,CALI,train
13427,DERMASON,train
5163,CALI,train
3408,BOMBAY,train
1708,SEKER,train
7658,SIRA,train
9332,SIRA,train
13140,DERMASON,train
6860,HOROZ,train
7002,HOROZ,train
11408,DERMASON,train
2463,BARBUNYA,train
1267,SEKER,train
8523,SIRA,train
792,SEKER,train
12927,DERMASON,train
10787,DERMASON,train
4615,CALI,train
53,SEKER,train
12016,DERMASON,train
10228,DERMASON,train
5930,HOROZ,train
4723,CALI,train
1820,SEKER,train
12482,DERMASON,train
8591,SIRA,train
6462,HOROZ,train
876,SEKER,train
7036,HOROZ,train
129,SEKER,train
5302,CALI,train
12388,DERMASON,train
6578,HOROZ,train
4807,CALI,train
3051,BARBUNYA,train
4533,CALI,train
8494,SIRA,train
7320,HOROZ,train
9482,SIRA,train
10042,SIRA,train
6053,HOROZ,train
8838,SIRA,train
5882,HOROZ,train
8990,SIRA,train
3565,BOMBAY,train
6029,HOROZ,train
6270,HOROZ,train
12994,DERMASON,train
1598,SEKER,train
7762,SIRA,train
6623,HOROZ,train
5297,CALI,train
7959,SIRA,train
11604,DERMASON,train
10839,DERMASON,train
8046,SIRA,train
12314,DERMASON,train
12709,DERMASON,train
8973,SIRA,train
11854,DERMASON,train
12496,DERMASON,train
2299,BARBUNYA,train
6537,HOROZ,train
681,SEKER,train
1083,SEKER,train
10879,DERMASON,train
7181,HOROZ,train
4263,CALI,train
10902,DERMASON,train
5686,HOROZ,train
7541,SIRA,train
9226,SIRA,train
5031,CALI,train
284,SEKER,train
1192,SEKER,train
8858,SIRA,train
10642,DERMASON,train
7073,HOROZ,train
13441,DERMASON,train
9463,SIRA,train
4605,CALI,train
5293,CALI,train
11717,DERMASON,train
6889,HOROZ,train
6349,HOROZ,train
3023,BARBUNYA,train
610,SEKER,train
11704,DERMASON,train
1375,SEKER,train
5771,HOROZ,train
1871,SEKER,train
11627,DERMASON,train
13500,DERMASON,train
6761,HOROZ,train
10460,DERMASON,train
1024,SEKER,train
9306,SIRA,train
12198,DERMASON,train
6245,HOROZ,train
10190,DERMASON,train
962,SEKER,train
5136,CALI,train
3106,BARBUNYA,train
1420,SEKER,train
928,SEKER,train
4047,CALI,train
8655,SIRA,train
5747,HOROZ,train
62,SEKER,train
8326,SIRA,train
2192,BARBUNYA,train
592,SEKER,train
11612,DERMASON,train
6629,HOROZ,train
6702,HOROZ,train
2313,BARBUNYA,train
9761,SIRA,train
13178,DERMASON,train
8273,SIRA,train
1068,SEKER,train
3417,BOMBAY,train
13550,DERMASON,train
694,SEKER,train
12455,DERMASON,train
3816,BOMBAY,train
7972,SIRA,train
4510,CALI,train
9633,SIRA,train
1668,SEKER,train
9493,SIRA,train
8959,SIRA,train
5545,HOROZ,train
4559,CALI,train
9741,SIRA,train
10452,DERMASON,train
13404,DERMASON,train
1272,SEKER,train
8426,SIRA,train
12702,DERMASON,train
8833,SIRA,train
10113,DERMASON,train
5538,HOROZ,train
3804,BOMBAY,train
2410,BARBUNYA,train
1362,SEKER,train
11566,DERMASON,train
3068,BARBUNYA,train
2191,BARBUNYA,train
4991,CALI,train
4217,CALI,train
10798,DERMASON,train
4061,CALI,train
3481,BOMBAY,train
10870,DERMASON,train
382,SEKER,train
5991,HOROZ,train
5168,CALI,train
6667,HOROZ,train
13112,DERMASON,train
3206,BARBUNYA,train
2970,BARBUNYA,train
9859,SIRA,train
4745,CALI,train
601,SEKER,train
1165,SEKER,train
6616,HOROZ,train
9143,SIRA,train
7891,SIRA,train
7581,SIRA,train
396,SEKER,train
4912,CALI,train
4195,CALI,train
2502,BARBUNYA,train
11002,DERMASON,train
953,SEKER,train
3761,BOMBAY,train
5089,CALI,train
8560,SIRA,train
540,SEKER,train
13276,DERMASON,train
9618,SIRA,train
7927,SIRA,train
10485,DERMASON,train
3085,BARBUNYA,train
3915,CALI,train
2900,BARBUNYA,train
12849,DERMASON,train
5977,HOROZ,train
11257,DERMASON,train
902,SEKER,train
8270,SIRA,train
4230,CALI,train
8700,SIRA,train
7092,HOROZ,train
8790,SIRA,train
3916,CALI,train
7259,HOROZ,train
735,SEKER,train
8100,SIRA,train
10031,SIRA,train
2896,BARBUNYA,train
13583,DERMASON,train
3550,BOMBAY,train
10025,SIRA,train
2834,BARBUNYA,train
7787,SIRA,train
7081,HOROZ,train
9434,SIRA,train
8604,SIRA,train
6293,HOROZ,train
7733,SIRA,train
3640,BOMBAY,train
5640,HOROZ,train
381,SEKER,train
5691,HOROZ,train
8895,SIRA,train
3904,CALI,train
10949,DERMASON,train
7237,HOROZ,train
10803,DERMASON,train
4948,CALI,train
12832,DERMASON,train
2155,BARBUNYA,train
5877,HOROZ,train
12381,DERMASON,train
3768,BOMBAY,train
11350,DERMASON,train
774,SEKER,train
7709,SIRA,train
4624,CALI,train
1798,SEKER,train
8088,SIRA,train
4441,CALI,train
8800,SIRA,train
2209,BARBUNYA,train
758,SEKER,train
11860,DERMASON,train
12208,DERMASON,train
11827,DERMASON,train
1811,SEKER,train
8197,SIRA,train
11680,DERMASON,train
7537,SIRA,train
5841,HOROZ,train
664,SEKER,train
508,SEKER,train
11048,DERMASON,train
13057,DERMASON,train
10511,DERMASON,train
9991,SIRA,train
13042,DERMASON,train
2437,BARBUNYA,train
2436,BARBUNYA,train
9046,SIRA,train
8888,SIRA,train
481,SEKER,train
4955,CALI,train
6374,HOROZ,train
6371,HOROZ,train
12692,DERMASON,train
2653,BARBUNYA,train
143,SEKER,train
12281,DERMASON,train
8815,SIRA,train
10912,DERMASON,train
11721,DERMASON,train
8422,SIRA,train
5517,HOROZ,train
5762,HOROZ,train
10921,DERMASON,train
6748,HOROZ,train
2971,BARBUNYA,train
7393,HOROZ,train
1615,SEKER,train
13289,DERMASON,train
11784,DERMASON,train
6862,HOROZ,train
8734,SIRA,train
6466,HOROZ,train
2689,BARBUNYA,train
12859,DERMASON,train
2013,SEKER,train
1120,SEKER,train
4099,CALI,train
6474,HOROZ,train
3715,BOMBAY,train
9138,SIRA,train
9929,SIRA,train
5889,HOROZ,train
13083,DERMASON,train
5250,CALI,train
6714,HOROZ,train
3585,BOMBAY,train
2360,BARBUNYA,train
6937,HOROZ,train
8584,SIRA,train
10405,DERMASON,train
13120,DERMASON,train
7496,SIRA,train
1595,SEKER,train
6237,HOROZ,train
3447,BOMBAY,train
12978,DERMASON,train
10293,DERMASON,train
7254,HOROZ,train
9016,SIRA,train
1603,SEKER,train
3654,BOMBAY,train
13502,DERMASON,train
13325,DERMASON,train
821,SEKER,train
9805,SIRA,train
2032,BARBUNYA,train
8692,SIRA,train
4467,CALI,train
12233,DERMASON,train
7362,HOROZ,train
10926,DERMASON,train
8110,SIRA,train
4200,CALI,train
9478,SIRA,train
10214,DERMASON,train
3578,BOMBAY,train
12219,DERMASON,train
6630,HOROZ,train
7057,HOROZ,train
8393,SIRA,train
2588,BARBUNYA,train
808,SEKER,train
8323,SIRA,train
5917,HOROZ,train
4538,CALI,train
3760,BOMBAY,train
12380,DERMASON,train
13024,DERMASON,train
2548,BARBUNYA,train
5401,CALI,train
769,SEKER,train
1202,SEKER,train
10653,DERMASON,train
10193,DERMASON,train
5736,HOROZ,train
8334,SIRA,train
243,SEKER,train
1660,SEKER,train
13410,DERMASON,train
5215,CALI,train
3958,CALI,train
11277,DERMASON,train
7711,SIRA,train
4049,CALI,train
4957,CALI,train
13590,DERMASON,train
12551,DERMASON,train
12001,DERMASON,train
2807,BARBUNYA,train
13079,DERMASON,train
6562,HOROZ,train
3380,BOMBAY,train
9694,SIRA,train
12931,DERMASON,train
9811,SIRA,train
10417,DERMASON,train
7080,HOROZ,train
989,SEKER,train
3815,BOMBAY,train
6917,HOROZ,train
5822,HOROZ,train
8435,SIRA,train
1525,SEKER,train
11576,DERMASON,train
9269,SIRA,train
11424,DERMASON,train
6900,HOROZ,train
5751,HOROZ,train
1300,SEKER,train
1816,SEKER,train
1663,SEKER,train
10780,DERMASON,train
11253,DERMASON,train
1731,SEKER,train
4148,CALI,train
1076,SEKER,train
900,SEKER,train
11377,DERMASON,train
11528,DERMASON,train
1303,SEKER,train
5502,HOROZ,train
5571,HOROZ,train
8941,SIRA,train
8479,SIRA,train
1941,SEKER,train
10907,DERMASON,train
341,SEKER,train
12099,DERMASON,train
3035,BARBUNYA,train
5101,CALI,train
13038,DERMASON,train
8614,SIRA,train
10843,DERMASON,train
8755,SIRA,train
5840,HOROZ,train
9133,SIRA,train
10862,DERMASON,train
890,SEKER,train
5410,CALI,train
4199,CALI,train
2377,BARBUNYA,train
12319,DERMASON,train
1111,SEKER,train
12094,DERMASON,train
9276,SIRA,train
8227,SIRA,train
8663,SIRA,train
7778,SIRA,train
11695,DERMASON,train
3589,BOMBAY,train
1191,SEKER,train
5430,CALI,train
11149,DERMASON,train
6275,HOROZ,train
3686,BOMBAY,train
7093,HOROZ,train
3074,BARBUNYA,train
3900,CALI,train
721,SEKER,train
9968,SIRA,train
12368,DERMASON,train
10112,DERMASON,train
6970,HOROZ,train
11624,DERMASON,train
1713,SEKER,train
1711,SEKER,train
12593,DERMASON,train
6706,HOROZ,train
13138,DERMASON,train
607,SEKER,train
11240,DERMASON,train
8722,SIRA,train
7319,HOROZ,train
13607,DERMASON,train
1297,SEKER,train
13207,DERMASON,train
8466,SIRA,train
6085,HOROZ,train
6005,HOROZ,train
2599,BARBUNYA,train
13348,DERMASON,train
4059,CALI,train
12217,DERMASON,train
10838,DERMASON,train
10510,DERMASON,train
7472,SIRA,train
1776,SEKER,train
12809,DERMASON,train
10613,DERMASON,train
9692,SIRA,train
5643,HOROZ,train
674,SEKER,train
4679,CALI,train
11647,DERMASON,train
7648,SIRA,train
9853,SIRA,train
3063,BARBUNYA,train
8577,SIRA,train
3460,BOMBAY,train
9270,SIRA,train
898,SEKER,train
12018,DERMASON,train
4767,CALI,train
4724,CALI,train
12530,DERMASON,train
4939,CALI,train
8037,SIRA,train
5713,HOROZ,train
9211,SIRA,train
11106,DERMASON,train
1219,SEKER,train
5579,HOROZ,train
3248,BARBUNYA,train
2103,BARBUNYA,train
12038,DERMASON,train
8532,SIRA,train
10997,DERMASON,train
10831,DERMASON,train
12480,DERMASON,train
13093,DERMASON,train
3809,BOMBAY,train
136,SEKER,train
7015,HOROZ,train
7069,HOROZ,train
10310,DERMASON,train
9461,SIRA,train
13250,DERMASON,train
6655,HOROZ,train
13316,DERMASON,train
8981,SIRA,train
3881,CALI,train
5818,HOROZ,train
7096,HOROZ,train
2027,BARBUNYA,train
2969,BARBUNYA,train
8702,SIRA,train
4526,CALI,train
13162,DERMASON,train
4589,CALI,train
923,SEKER,train
9369,SIRA,train
2260,BARBUNYA,train
8490,SIRA,train
12660,DERMASON,train
8242,SIRA,train
13090,DERMASON,train
2391,BARBUNYA,train
2876,BARBUNYA,train
8553,SIRA,train
223,SEKER,train
4798,CALI,train
2452,BARBUNYA,train
10149,DERMASON,train
8550,SIRA,train
9566,SIRA,train
12755,DERMASON,train
10384,DERMASON,train
2451,BARBUNYA,train
6673,HOROZ,train
1955,SEKER,train
13571,DERMASON,train
10441,DERMASON,train
6895,HOROZ,train
10376,DERMASON,train
188,SEKER,train
11409,DERMASON,train
10267,DERMASON,train
5934,HOROZ,train
8122,SIRA,train
9442,SIRA,train
6685,HOROZ,train
10576,DERMASON,train
1472,SEKER,train
8408,SIRA,train
12811,DERMASON,train
10055,SIRA,train
8848,SIRA,train
1348,SEKER,train
3946,CALI,train
8623,SIRA,train
10380,DERMASON,train
2037,BARBUNYA,train
4951,CALI,train
10761,DERMASON,train
4275,CALI,train
11091,DERMASON,train
13007,DERMASON,train
7698,SIRA,train
8516,SIRA,train
13420,DERMASON,train
13004,DERMASON,train
1393,SEKER,train
10332,DERMASON,train
9509,SIRA,train
4357,CALI,train
7786,SIRA,train
3534,BOMBAY,train
7790,SIRA,train
8379,SIRA,train
1374,SEKER,train
5205,CALI,train
13342,DERMASON,train
67,SEKER,train
4547,CALI,train
911,SEKER,train
4093,CALI,train
12867,DERMASON,train
5212,CALI,train
4449,CALI,train
5847,HOROZ,train
2270,BARBUNYA,train
11241,DERMASON,train
2972,BARBUNYA,train
2545,BARBUNYA,train
3141,BARBUNYA,train
6887,HOROZ,train
2058,BARBUNYA,train
2531,BARBUNYA,train
5795,HOROZ,train
6547,HOROZ,train
7753,SIRA,train
1082,SEKER,train
8320,SIRA,train
12763,DERMASON,train
3164,BARBUNYA,train
8589,SIRA,train
3160,BARBUNYA,train
1028,SEKER,train
13257,DERMASON,train
4893,CALI,train
4349,CALI,train
13123,DERMASON,train
11488,DERMASON,train
13205,DERMASON,train
5550,HOROZ,train
6649,HOROZ,train
9568,SIRA,train
8363,SIRA,train
3542,BOMBAY,train
11439,DERMASON,train
10788,DERMASON,train
12538,DERMASON,train
13311,DERMASON,train
2840,BARBUNYA,train
3469,BOMBAY,train
1037,SEKER,train
7012,HOROZ,train
7453,SIRA,train
3020,BARBUNYA,train
10010,SIRA,train
4611,CALI,train
10734,DERMASON,train
5886,HOROZ,train
3941,CALI,train
11270,DERMASON,train
3613,BOMBAY,train
7947,SIRA,train
13381,DERMASON,train
10424,DERMASON,train
3295,BARBUNYA,train
7785,SIRA,train
135,SEKER,train
3993,CALI,train
4386,CALI,train
11333,DERMASON,train
10849,DERMASON,train
9899,SIRA,train
8569,SIRA,train
10768,DERMASON,train
12771,DERMASON,train
13127,DERMASON,train
13523,DERMASON,train
5567,HOROZ,train
13315,DERMASON,train
9055,SIRA,train
11634,DERMASON,train
624,SEKER,train
4867,CALI,train
12874,DERMASON,train
9023,SIRA,train
4054,CALI,train
7230,HOROZ,train
3723,BOMBAY,train
10627,DERMASON,train
6603,HOROZ,train
11065,DERMASON,train
11026,DERMASON,train
1074,SEKER,train
2605,BARBUNYA,train
6271,HOROZ,train
12543,DERMASON,train
8904,SIRA,train
8413,SIRA,train
10430,DERMASON,train
3932,CALI,train
10623,DERMASON,train
5564,HOROZ,train
11667,DERMASON,train
719,SEKER,train
2557,BARBUNYA,train
1784,SEKER,train
9770,SIRA,train
5632,HOROZ,train
13242,DERMASON,train
860,SEKER,train
3232,BARBUNYA,train
13334,DERMASON,train
11470,DERMASON,train
3785,BOMBAY,train
850,SEKER,train
6231,HOROZ,train
11766,DERMASON,train
199,SEKER,train
7418,HOROZ,train
6254,HOROZ,train
713,SEKER,train
2693,BARBUNYA,train
4799,CALI,train
11316,DERMASON,train
2637,BARBUNYA,train
3453,BOMBAY,train
3030,BARBUNYA,train
2275,BARBUNYA,train
12173,DERMASON,train
9538,SIRA,train
6688,HOROZ,train
10699,DERMASON,train
11918,DERMASON,train
7932,SIRA,train
11774,DERMASON,train
3104,BARBUNYA,train
10965,DERMASON,train
608,SEKER,train
7986,SIRA,train
13455,DERMASON,train
1608,SEKER,train
12925,DERMASON,train
6013,HOROZ,train
11387,DERMASON,train
32,SEKER,train
9158,SIRA,train
12312,DERMASON,train
291,SEKER,train
5978,HOROZ,train
9717,SIRA,train
4001,CALI,train
3463,BOMBAY,train
11870,DERMASON,train
9946,SIRA,train
377,SEKER,train
10530,DERMASON,train
8424,SIRA,train
13495,DERMASON,train
5560,HOROZ,train
359,SEKER,train
4039,CALI,train
12824,DERMASON,train
3767,BOMBAY,train
2363,BARBUNYA,train
10995,DERMASON,train
6770,HOROZ,train
8557,SIRA,train
6984,HOROZ,train
10442,DERMASON,train
2086,BARBUNYA,train
1875,SEKER,train
11900,DERMASON,train
8507,SIRA,train
4334,CALI,train
11795,DERMASON,train
6381,HOROZ,train
4444,CALI,train
3077,BARBUNYA,train
5377,CALI,train
6574,HOROZ,train
4821,CALI,train
5536,HOROZ,train
13137,DERMASON,train
7165,HOROZ,train
2656,BARBUNYA,train
3129,BARBUNYA,train
212,SEKER,train
4060,CALI,train
1818,SEKER,train
11896,DERMASON,train
10284,DERMASON,train
7354,HOROZ,train
8425,SIRA,train
2836,BARBUNYA,train
4697,CALI,train
7404,HOROZ,train
9260,SIRA,train
13534,DERMASON,train
4347,CALI,train
11495,DERMASON,train
217,SEKER,train
5,SEKER,train
2768,BARBUNYA,train
2676,BARBUNYA,train
12741,DERMASON,train
1093,SEKER,train
11959,DERMASON,train
7876,SIRA,train
7533,SIRA,train
6119,HOROZ,train
5276,CALI,train
8395,SIRA,train
2835,BARBUNYA,train
6695,HOROZ,train
12446,DERMASON,train
11893,DERMASON,train
10155,DERMASON,train
12765,DERMASON,train
97,SEKER,train
1838,SEKER,train
11353,DERMASON,train
1323,SEKER,train
12150,DERMASON,train
9841,SIRA,train
12083,DERMASON,train
1939,SEKER,train
6612,HOROZ,train
11198,DERMASON,train
4913,CALI,train
3498,BOMBAY,train
10443,DERMASON,train
8371,SIRA,train
12453,DERMASON,train
10014,SIRA,train
4262,CALI,train
6437,HOROZ,train
8953,SIRA,train
9791,SIRA,train
12006,DERMASON,train
11109,DERMASON,train
5186,CALI,train
3824,BOMBAY,train
1502,SEKER,train
7965,SIRA,train
5495,CALI,train
2518,BARBUNYA,train
4549,CALI,train
8246,SIRA,train
12218,DERMASON,train
5442,CALI,train
13414,DERMASON,train
11272,DERMASON,train
11033,DERMASON,train
4134,CALI,train
8684,SIRA,train
8723,SIRA,train
3081,BARBUNYA,train
7562,SIRA,train
3714,BOMBAY,train
7064,HOROZ,train
5936,HOROZ,train
613,SEKER,train
621,SEKER,train
11778,DERMASON,train
12040,DERMASON,train
11622,DERMASON,train
4993,CALI,train
1047,SEKER,train
2065,BARBUNYA,train
10973,DERMASON,train
8950,SIRA,train
11029,DERMASON,train
9503,SIRA,train
4923,CALI,train
4942,CALI,train
336,SEKER,train
6755,HOROZ,train
4463,CALI,train
46,SEKER,train
2624,BARBUNYA,train
7196,HOROZ,train
8382,SIRA,train
7726,SIRA,train
12872,DERMASON,train
1380,SEKER,train
2121,BARBUNYA,train
6965,HOROZ,train
1170,SEKER,train
9813,SIRA,train
882,SEKER,train
2314,BARBUNYA,train
6932,HOROZ,train
337,SEKER,train
11553,DERMASON,train
9348,SIRA,train
1837,SEKER,train
10008,SIRA,train
11905,DERMASON,train
11833,DERMASON,train
11112,DERMASON,train
9723,SIRA,train
2623,BARBUNYA,train
5601,HOROZ,train
6311,HOROZ,train
2152,BARBUNYA,train
3763,BOMBAY,train
8410,SIRA,train
5916,HOROZ,train
8681,SIRA,train
10004,SIRA,train
8540,SIRA,train
3948,CALI,train
1432,SEKER,train
11195,DERMASON,train
4997,CALI,train
10390,DERMASON,train
2197,BARBUNYA,train
5636,HOROZ,train
10830,DERMASON,train
4015,CALI,train
5992,HOROZ,train
1321,SEKER,train
12154,DERMASON,train
13532,DERMASON,train
828,SEKER,train
6094,HOROZ,train
1821,SEKER,train
841,SEKER,train
13080,DERMASON,train
5091,CALI,train
3931,CALI,train
6035,HOROZ,train
11876,DERMASON,train
1829,SEKER,train
8151,SIRA,train
11108,DERMASON,train
10767,DERMASON,train
11710,DERMASON,train
2063,BARBUNYA,train
7717,SIRA,train
4032,CALI,train
6121,HOROZ,train
9117,SIRA,train
648,SEKER,train
11203,DERMASON,train
6475,HOROZ,train
321,SEKER,train
12955,DERMASON,train
12017,DERMASON,train
12029,DERMASON,train
5784,HOROZ,train
477,SEKER,train
3521,BOMBAY,train
13092,DERMASON,train
903,SEKER,train
5030,CALI,train
11763,DERMASON,train
5924,HOROZ,train
4197,CALI,train
3679,BOMBAY,train
7014,HOROZ,train
11871,DERMASON,train
4010,CALI,train
10897,DERMASON,train
9033,SIRA,train
13088,DERMASON,train
2140,BARBUNYA,train
3406,BOMBAY,train
8602,SIRA,train
3503,BOMBAY,train
6720,HOROZ,train
11299,DERMASON,train
6146,HOROZ,train
7269,HOROZ,train
4763,CALI,train
8817,SIRA,train
9828,SIRA,train
957,SEKER,train
4630,CALI,train
12026,DERMASON,train
9515,SIRA,train
5970,HOROZ,train
8526,SIRA,train
1931,SEKER,train
10664,DERMASON,train
4635,CALI,train
4228,CALI,train
4773,CALI,train
1073,SEKER,train
5757,HOROZ,train
9521,SIRA,train
2927,BARBUNYA,train
6921,HOROZ,train
209,SEKER,train
8911,SIRA,train
2787,BARBUNYA,train
5407,CALI,train
2087,BARBUNYA,train
162,SEKER,train
6699,HOROZ,train
10537,DERMASON,train
10000,SIRA,train
2678,BARBUNYA,train
12191,DERMASON,train
12686,DERMASON,train
4241,CALI,train
8628,SIRA,train
11904,DERMASON,train
10628,DERMASON,train
5214,CALI,train
11930,DERMASON,train
5649,HOROZ,train
9954,SIRA,train
537,SEKER,train
13050,DERMASON,train
3980,CALI,train
4979,CALI,train
3910,CALI,train
5373,CALI,train
3553,BOMBAY,train
4688,CALI,train
9933,SIRA,train
4186,CALI,train
5364,CALI,train
12576,DERMASON,train
11310,DERMASON,train
3569,BOMBAY,train
13397,DERMASON,train
11040,DERMASON,train
13578,DERMASON,train
9564,SIRA,train
10381,DERMASON,train
12403,DERMASON,train
583,SEKER,train
2945,BARBUNYA,train
11815,DERMASON,train
9454,SIRA,train
8918,SIRA,train
7936,SIRA,train
12298,DERMASON,train
11331,DERMASON,train
12706,DERMASON,train
8616,SIRA,train
1709,SEKER,train
12612,DERMASON,train
12527,DERMASON,train
2467,BARBUNYA,train
9569,SIRA,train
2455,BARBUNYA,train
9594,SIRA,train
12854,DERMASON,train
3690,BOMBAY,train
10063,SIRA,train
2614,BARBUNYA,train
6345,HOROZ,train
7300,HOROZ,train
1705,SEKER,train
11825,DERMASON,train
7668,SIRA,train
7962,SIRA,train
329,SEKER,train
12912,DERMASON,train
8851,SIRA,train
10294,DERMASON,train
8443,SIRA,train
10805,DERMASON,train
2786,BARBUNYA,train
4388,CALI,train
12432,DERMASON,train
8901,SIRA,train
1903,SEKER,train
3480,BOMBAY,train
3875,CALI,train
3358,BOMBAY,train
10668,DERMASON,train
8137,SIRA,train
3523,BOMBAY,train
311,SEKER,train
2995,BARBUNYA,train
7692,SIRA,train
5745,HOROZ,train
8558,SIRA,train
2150,BARBUNYA,train
2706,BARBUNYA,train
11432,DERMASON,train
4377,CALI,train
61,SEKER,train
3319,BARBUNYA,train
13216,DERMASON,train
7552,SIRA,train
2804,BARBUNYA,train
12145,DERMASON,train
2400,BARBUNYA,train
3790,BOMBAY,train
9679,SIRA,train
7783,SIRA,train
9920,SIRA,train
11739,DERMASON,train
10324,DERMASON,train
220,SEKER,train
11125,DERMASON,train
296,SEKER,train
11447,DERMASON,train
13388,DERMASON,train
951,SEKER,train
3196,BARBUNYA,train
12170,DERMASON,train
2509,BARBUNYA,train
8041,SIRA,train
6160,HOROZ,train
10344,DERMASON,train
598,SEKER,train
117,SEKER,train
9580,SIRA,train
7349,HOROZ,train
11471,DERMASON,train
4965,CALI,train
510,SEKER,train
9958,SIRA,train
3116,BARBUNYA,train
1667,SEKER,train
1928,SEKER,train
10483,DERMASON,train
3472,BOMBAY,train
13588,DERMASON,train
12072,DERMASON,train
1137,SEKER,train
5598,HOROZ,train
2957,BARBUNYA,train
10351,DERMASON,train
12263,DERMASON,train
9720,SIRA,train
4796,CALI,train
6272,HOROZ,train
5853,HOROZ,train
5839,HOROZ,train
13322,DERMASON,train
5471,CALI,train
9302,SIRA,train
3544,BOMBAY,train
1504,SEKER,train
915,SEKER,train
8658,SIRA,train
3033,BARBUNYA,train
12231,DERMASON,train
2285,BARBUNYA,train
2799,BARBUNYA,train
5919,HOROZ,train
7478,SIRA,train
3440,BOMBAY,train
1370,SEKER,train
12813,DERMASON,train
1610,SEKER,train
6079,HOROZ,train
7718,SIRA,train
1437,SEKER,train
1452,SEKER,train
12727,DERMASON,train
3468,BOMBAY,train
13039,DERMASON,train
816,SEKER,train
6241,HOROZ,train
11792,DERMASON,train
1750,SEKER,train
5603,HOROZ,train
1060,SEKER,train
13563,DERMASON,train
11315,DERMASON,train
1291,SEKER,train
6676,HOROZ,train
12004,DERMASON,train
5635,HOROZ,train
4012,CALI,train
4811,CALI,train
11404,DERMASON,train
9873,SIRA,train
13076,DERMASON,train
12968,DERMASON,train
4831,CALI,train
4288,CALI,train
4361,CALI,train
9706,SIRA,train
6592,HOROZ,train
9357,SIRA,train
3253,BARBUNYA,train
4120,CALI,train
7833,SIRA,train
834,SEKER,train
1307,SEKER,train
9335,SIRA,train
1678,SEKER,train
5182,CALI,train
2528,BARBUNYA,train
10856,DERMASON,train
2979,BARBUNYA,train
5068,CALI,train
5247,CALI,train
4628,CALI,train
3378,BOMBAY,train
11086,DERMASON,train
9135,SIRA,train
6776,HOROZ,train
3657,BOMBAY,train
10103,DERMASON,train
2007,SEKER,train
13054,DERMASON,train
5481,CALI,train
441,SEKER,train
6632,HOROZ,train
9597,SIRA,train
11806,DERMASON,train
13066,DERMASON,train
6418,HOROZ,train
7332,HOROZ,train
1524,SEKER,train
12337,DERMASON,train
5576,HOROZ,train
9205,SIRA,train
5058,CALI,train
2349,BARBUNYA,train
11993,DERMASON,train
1010,SEKER,train
12949,DERMASON,train
5032,CALI,train
10983,DERMASON,train
451,SEKER,train
8180,SIRA,train
11501,DERMASON,train
9389,SIRA,train
4618,CALI,train
10493,DERMASON,train
7410,HOROZ,train
12954,DERMASON,train
9574,SIRA,train
12877,DERMASON,train
12323,DERMASON,train
3095,BARBUNYA,train
1246,SEKER,train
8325,SIRA,train
13373,DERMASON,train
3286,BARBUNYA,train
11674,DERMASON,train
10978,DERMASON,train
1052,SEKER,train
8040,SIRA,train
11317,DERMASON,train
4473,CALI,train
3146,BARBUNYA,train
1487,SEKER,train
9561,SIRA,train
2728,BARBUNYA,train
10126,DERMASON,train
3516,BOMBAY,train
6671,HOROZ,train
6222,HOROZ,train
13608,DERMASON,train
9735,SIRA,train
1716,SEKER,train
9245,SIRA,train
3115,BARBUNYA,train
3701,BOMBAY,train
13033,DERMASON,train
12825,DERMASON,train
12412,DERMASON,train
12687,DERMASON,train
3817,BOMBAY,train
4602,CALI,train
3567,BOMBAY,train
1294,SEKER,train
12201,DERMASON,train
3038,BARBUNYA,train
7212,HOROZ,train
6402,HOROZ,train
5650,HOROZ,train
10152,DERMASON,train
11077,DERMASON,train
7474,SIRA,train
3668,BOMBAY,train
2255,BARBUNYA,train
2705,BARBUNYA,train
1471,SEKER,train
5726,HOROZ,train
2941,BARBUNYA,train
6120,HOROZ,train
12225,DERMASON,train
10373,DERMASON,train
2404,BARBUNYA,train
9003,SIRA,train
12640,DERMASON,train
3275,BARBUNYA,train
8257,SIRA,train
9879,SIRA,train
5077,CALI,train
5340,CALI,train
867,SEKER,train
4299,CALI,train
3455,BOMBAY,train
10175,DERMASON,train
1632,SEKER,train
3386,BOMBAY,train
11698,DERMASON,train
11365,DERMASON,train
2643,BARBUNYA,train
7854,SIRA,train
2549,BARBUNYA,train
1084,SEKER,train
4545,CALI,train
2581,BARBUNYA,train
2754,BARBUNYA,train
8672,SIRA,train
13496,DERMASON,train
7743,SIRA,train
12194,DERMASON,train
8250,SIRA,train
4792,CALI,train
6037,HOROZ,train
5907,HOROZ,train
12875,DERMASON,train
9028,SIRA,train
13560,DERMASON,train
2935,BARBUNYA,train
9412,SIRA,train
6813,HOROZ,train
5049,CALI,train
5398,CALI,train
12836,DERMASON,train
12334,DERMASON,train
10541,DERMASON,train
2719,BARBUNYA,train
6198,HOROZ,train
2092,BARBUNYA,train
8170,SIRA,train
3399,BOMBAY,train
405,SEKER,train
7085,HOROZ,train
5335,CALI,train
7495,SIRA,train
10333,DERMASON,train
5267,CALI,train
5450,CALI,train
1800,SEKER,train
11536,DERMASON,train
1127,SEKER,train
1621,SEKER,train
12606,DERMASON,train
954,SEKER,train
7503,SIRA,train
5113,CALI,train
2555,BARBUNYA,train
9148,SIRA,train
383,SEKER,train
1184,SEKER,train
5630,HOROZ,train
13424,DERMASON,train
9674,SIRA,train
2943,BARBUNYA,train
10963,DERMASON,train
3540,BOMBAY,train
1409,SEKER,train
8459,SIRA,train
10292,DERMASON,train
905,SEKER,train
7051,HOROZ,train
2226,BARBUNYA,train
9084,SIRA,train
8313,SIRA,train
7451,SIRA,train
10714,DERMASON,train
3001,BARBUNYA,train
9039,SIRA,train
4800,CALI,train
5150,CALI,train
8860,SIRA,train
415,SEKER,train
6801,HOROZ,train
13370,DERMASON,train
7401,HOROZ,train
7579,SIRA,train
7449,SIRA,train
5071,CALI,train
4264,CALI,train
9071,SIRA,train
6915,HOROZ,train
12486,DERMASON,train
1062,SEKER,train
10304,DERMASON,train
7211,HOROZ,train
2877,BARBUNYA,train
4406,CALI,train
9582,SIRA,train
8771,SIRA,train
7316,HOROZ,train
4921,CALI,train
3473,BOMBAY,train
952,SEKER,train
5577,HOROZ,train
10620,DERMASON,train
11228,DERMASON,train
1058,SEKER,train
5910,HOROZ,train
283,SEKER,train
4111,CALI,train
7043,HOROZ,train
8495,SIRA,train
1777,SEKER,train
7545,SIRA,train
6440,HOROZ,train
8631,SIRA,train
12781,DERMASON,train
2050,BARBUNYA,train
964,SEKER,train
6022,HOROZ,train
12884,DERMASON,train
11966,DERMASON,train
1072,SEKER,train
7705,SIRA,train
7994,SIRA,train
10562,DERMASON,train
8766,SIRA,train
8609,SIRA,train
5327,CALI,train
1302,SEKER,train
8005,SIRA,train
11015,DERMASON,train
12930,DERMASON,train
5972,HOROZ,train
9982,SIRA,train
2574,BARBUNYA,train
3530,BOMBAY,train
12351,DERMASON,train
4084,CALI,train
7548,SIRA,train
2745,BARBUNYA,train
2968,BARBUNYA,train
7987,SIRA,train
5714,HOROZ,train
9079,SIRA,train
4685,CALI,train
4917,CALI,train
9612,SIRA,train
2039,BARBUNYA,train
12535,DERMASON,train
3297,BARBUNYA,train
5338,CALI,train
9116,SIRA,train
10222,DERMASON,train
5752,HOROZ,train
950,SEKER,train
2330,BARBUNYA,train
6775,HOROZ,train
2381,BARBUNYA,train
6781,HOROZ,train
3973,CALI,train
11202,DERMASON,train
10444,DERMASON,train
6042,HOROZ,train
6986,HOROZ,train
1573,SEKER,train
1500,SEKER,train
6925,HOROZ,train
8402,SIRA,train
7160,HOROZ,train
1962,SEKER,train
8288,SIRA,train
4599,CALI,train
8146,SIRA,train
2865,BARBUNYA,train
11339,DERMASON,train
8724,SIRA,train
72,SEKER,train
10777,DERMASON,train
8683,SIRA,train
3317,BARBUNYA,train
11120,DERMASON,train
6558,HOROZ,train
2576,BARBUNYA,train
10233,DERMASON,train
469,SEKER,train
3829,BOMBAY,train
7257,HOROZ,train
579,SEKER,train
7746,SIRA,train
5371,CALI,train
6617,HOROZ,train
9642,SIRA,train
4735,CALI,train
11201,DERMASON,train
10817,DERMASON,train
3609,BOMBAY,train
7852,SIRA,train
12719,DERMASON,train
5134,CALI,train
4830,CALI,train
3797,BOMBAY,train
4562,CALI,train
3183,BARBUNYA,train
4202,CALI,train
7538,SIRA,train
10082,DERMASON,train
5097,CALI,train
9826,SIRA,train
960,SEKER,train
1638,SEKER,train
6450,HOROZ,train
11843,DERMASON,train
11102,DERMASON,train
8021,SIRA,train
3677,BOMBAY,train
123,SEKER,train
9236,SIRA,train
7476,SIRA,train
8062,SIRA,train
6354,HOROZ,train
5311,CALI,train
11911,DERMASON,train
9256,SIRA,train
3788,BOMBAY,train
12937,DERMASON,train
11031,DERMASON,train
1466,SEKER,train
12635,DERMASON,train
3951,CALI,train
1477,SEKER,train
4837,CALI,train
12850,DERMASON,train
1997,SEKER,train
9756,SIRA,train
12459,DERMASON,train
6137,HOROZ,train
7264,HOROZ,train
10468,DERMASON,train
825,SEKER,train
7940,SIRA,train
12104,DERMASON,train
13241,DERMASON,train
6556,HOROZ,train
6674,HOROZ,train
2485,BARBUNYA,train
6122,HOROZ,train
1765,SEKER,train
9584,SIRA,train
7642,SIRA,train
8709,SIRA,train
5116,CALI,train
2692,BARBUNYA,train
1700,SEKER,train
3895,CALI,train
8884,SIRA,train
12447,DERMASON,train
9819,SIRA,train
6230,HOROZ,train
8506,SIRA,train
2748,BARBUNYA,train
1454,SEKER,train
937,SEKER,train
11050,DERMASON,train
5088,CALI,train
538,SEKER,train
4095,CALI,train
7967,SIRA,train
2334,BARBUNYA,train
5897,HOROZ,train
6062,HOROZ,train
880,SEKER,train
2616,BARBUNYA,train
4968,CALI,train
2335,BARBUNYA,train
12880,DERMASON,train
6842,HOROZ,train
8839,SIRA,train
854,SEKER,train
10811,DERMASON,train
9966,SIRA,train
2168,BARBUNYA,train
482,SEKER,train
10612,DERMASON,train
9990,SIRA,train
8640,SIRA,train
3647,BOMBAY,train
7197,HOROZ,train
4691,CALI,train
3615,BOMBAY,train
7946,SIRA,train
6390,HOROZ,train
2621,BARBUNYA,train
565,SEKER,train
5998,HOROZ,train
9593,SIRA,train
42,SEKER,train
11372,DERMASON,train
6810,HOROZ,train
226,SEKER,train
3894,CALI,train
6979,HOROZ,train
5692,HOROZ,train
4934,CALI,train
1827,SEKER,train
10295,DERMASON,train
13411,DERMASON,train
10617,DERMASON,train
9760,SIRA,train
10942,DERMASON,train
12941,DERMASON,train
6962,HOROZ,train
13409,DERMASON,train
10538,DERMASON,train
4823,CALI,train
8643,SIRA,train
5793,HOROZ,train
11958,DERMASON,train
7039,HOROZ,train
10742,DERMASON,train
5368,CALI,train
1769,SEKER,train
9617,SIRA,train
11069,DERMASON,train
10985,DERMASON,train
10588,DERMASON,train
229,SEKER,train
3591,BOMBAY,train
10828,DERMASON,train
11582,DERMASON,train
6566,HOROZ,train
13282,DERMASON,train
13521,DERMASON,train
8754,SIRA,train
4766,CALI,train
3427,BOMBAY,train
7929,SIRA,train
4420,CALI,train
998,SEKER,train
6130,HOROZ,train
11916,DERMASON,train
9282,SIRA,train
2309,BARBUNYA,train
10323,DERMASON,train
5875,HOROZ,train
3277,BARBUNYA,train
12969,DERMASON,train
6054,HOROZ,train
4284,CALI,train
11858,DERMASON,train
4342,CALI,train
9367,SIRA,train
4409,CALI,train
5775,HOROZ,train
5383,CALI,train
6656,HOROZ,train
5976,HOROZ,train
11859,DERMASON,train
4744,CALI,train
6797,HOROZ,train
6992,HOROZ,train
9431,SIRA,train
9495,SIRA,train
8210,SIRA,train
9252,SIRA,train
5523,HOROZ,train
5062,CALI,train
10641,DERMASON,train
1087,SEKER,train
736,SEKER,train
12575,DERMASON,train
5864,HOROZ,train
11484,DERMASON,train
2049,BARBUNYA,train
4216,CALI,train
3069,BARBUNYA,train
7032,HOROZ,train
4465,CALI,train
8689,SIRA,train
9972,SIRA,train
4440,CALI,train
186,SEKER,train
9981,SIRA,train
11776,DERMASON,train
13158,DERMASON,train
3416,BOMBAY,train
8955,SIRA,train
4739,CALI,train
803,SEKER,train
2431,BARBUNYA,train
8962,SIRA,train
11687,DERMASON,train
1456,SEKER,train
5283,CALI,train
6611,HOROZ,train
2963,BARBUNYA,train
5574,HOROZ,train
13444,DERMASON,train
7198,HOROZ,train
12622,DERMASON,train
6766,HOROZ,train
10110,DERMASON,train
9364,SIRA,train
8316,SIRA,train
8637,SIRA,train
7637,SIRA,train
6143,HOROZ,train
2399,BARBUNYA,train
8831,SIRA,train
5615,HOROZ,train
7599,SIRA,train
7438,SIRA,train
4566,CALI,train
2160,BARBUNYA,train
6318,HOROZ,train
514,SEKER,train
11829,DERMASON,train
5812,HOROZ,train
2488,BARBUNYA,train
6536,HOROZ,train
2794,BARBUNYA,train
2001,SEKER,train
5583,HOROZ,train
13309,DERMASON,train
10174,DERMASON,train
13260,DERMASON,train
6380,HOROZ,train
9529,SIRA,train
10375,DERMASON,train
6240,HOROZ,train
3742,BOMBAY,train
6356,HOROZ,train
5309,CALI,train
6179,HOROZ,train
9352,SIRA,train
1325,SEKER,train
5320,CALI,train
11073,DERMASON,train
4104,CALI,train
11991,DERMASON,train
1401,SEKER,train
8502,SIRA,train
9280,SIRA,train
5759,HOROZ,train
10786,DERMASON,train
1256,SEKER,train
6060,HOROZ,train
7419,HOROZ,train
5344,CALI,train
575,SEKER,train
9450,SIRA,train
171,SEKER,train
10825,DERMASON,train
8292,SIRA,train
2997,BARBUNYA,train
6651,HOROZ,train
13511,DERMASON,train
1274,SEKER,train
10102,DERMASON,train
10566,DERMASON,train
8352,SIRA,train
10227,DERMASON,train
7780,SIRA,train
11007,DERMASON,train
8331,SIRA,train
2362,BARBUNYA,train
8215,SIRA,train
3705,BOMBAY,train
11087,DERMASON,train
7201,HOROZ,train
1350,SEKER,train
9937,SIRA,train
11773,DERMASON,train
12385,DERMASON,train
12834,DERMASON,train
10651,DERMASON,train
11771,DERMASON,train
8399,SIRA,train
9062,SIRA,train
5237,CALI,train
12257,DERMASON,train
3673,BOMBAY,train
438,SEKER,train
12149,DERMASON,train
7255,HOROZ,train
3439,BOMBAY,train
518,SEKER,train
7042,HOROZ,train
4683,CALI,train
8232,SIRA,train
7864,SIRA,train
2156,BARBUNYA,train
1625,SEKER,train
7016,HOROZ,train
8016,SIRA,train
5619,HOROZ,train
7359,HOROZ,train
4765,CALI,train
3670,BOMBAY,train
9792,SIRA,train
11796,DERMASON,train
7050,HOROZ,train
4609,CALI,train
5266,CALI,train
7613,SIRA,train
2838,BARBUNYA,train
8233,SIRA,train
2990,BARBUNYA,train
3646,BOMBAY,train
10760,DERMASON,train
3604,BOMBAY,train
11451,DERMASON,train
5905,HOROZ,train
5473,CALI,train
13538,DERMASON,train
5399,CALI,train
9782,SIRA,train
2658,BARBUNYA,train
8468,SIRA,train
4201,CALI,train
1909,SEKER,train
427,SEKER,train
1542,SEKER,train
6946,HOROZ,train
1220,SEKER,train
11973,DERMASON,train
12988,DERMASON,train
11280,DERMASON,train
12023,DERMASON,train
3619,BOMBAY,train
8742,SIRA,train
9630,SIRA,train
1338,SEKER,train
9085,SIRA,train
3003,BARBUNYA,train
10670,DERMASON,train
11506,DERMASON,train
10455,DERMASON,train
10426,DERMASON,train
7547,SIRA,train
9496,SIRA,train
3950,CALI,train
1031,SEKER,train
7688,SIRA,train
416,SEKER,train
11368,DERMASON,train
279,SEKER,train
776,SEKER,train
3754,BOMBAY,train
1361,SEKER,train
1041,SEKER,train
517,SEKER,train
6653,HOROZ,train
5709,HOROZ,train
2034,BARBUNYA,train
8853,SIRA,train
4468,CALI,train
10372,DERMASON,train
3349,BOMBAY,train
6115,HOROZ,train
6049,HOROZ,train
10368,DERMASON,train
1450,SEKER,train
6167,HOROZ,train
13451,DERMASON,train
12036,DERMASON,train
10890,DERMASON,train
8877,SIRA,train
6627,HOROZ,train
40,SEKER,train
1334,SEKER,train
9705,SIRA,train
11894,DERMASON,train
3879,CALI,train
10669,DERMASON,train
5849,HOROZ,train
5906,HOROZ,train
11085,DERMASON,train
10999,DERMASON,train
12928,DERMASON,train
8120,SIRA,train
2699,BARBUNYA,train
1673,SEKER,train
4044,CALI,train
9476,SIRA,train
13005,DERMASON,train
12885,DERMASON,train
5010,CALI,train
8599,SIRA,train
232,SEKER,train
5202,CALI,train
7917,SIRA,train
3995,CALI,train
9125,SIRA,train
5865,HOROZ,train
11579,DERMASON,train
1488,SEKER,train
1883,SEKER,train
11513,DERMASON,train
2390,BARBUNYA,train
2054,BARBUNYA,train
8160,SIRA,train
7806,SIRA,train
1912,SEKER,train
9906,SIRA,train
12846,DERMASON,train
4439,CALI,train
4495,CALI,train
5778,HOROZ,train
7945,SIRA,train
3655,BOMBAY,train
8373,SIRA,train
3735,BOMBAY,train
9540,SIRA,train
10877,DERMASON,train
1467,SEKER,train
1168,SEKER,train
4307,CALI,train
5996,HOROZ,train
12329,DERMASON,train
13234,DERMASON,train
10759,DERMASON,train
2236,BARBUNYA,train
3886,CALI,train
12136,DERMASON,train
2385,BARBUNYA,train
7719,SIRA,train
3635,BOMBAY,train
1757,SEKER,train
9386,SIRA,train
3412,BOMBAY,train
9342,SIRA,train
2833,BARBUNYA,train
9683,SIRA,train
1470,SEKER,train
2204,BARBUNYA,train
11577,DERMASON,train
7904,SIRA,train
1886,SEKER,train
650,SEKER,train
12055,DERMASON,train
502,SEKER,train
12764,DERMASON,train
6689,HOROZ,train
6304,HOROZ,train
4273,CALI,train
4569,CALI,train
490,SEKER,train
10195,DERMASON,train
11344,DERMASON,train
9530,SIRA,train
5465,CALI,train
11551,DERMASON,train
7777,SIRA,train
2992,BARBUNYA,train
11128,DERMASON,train
12626,DERMASON,train
12939,DERMASON,train
10592,DERMASON,train
5656,HOROZ,train
3626,BOMBAY,train
6707,HOROZ,train
6818,HOROZ,train
4408,CALI,train
10598,DERMASON,train
6129,HOROZ,train
5462,CALI,train
9613,SIRA,train
10286,DERMASON,train
724,SEKER,train
7997,SIRA,train
9204,SIRA,train
11360,DERMASON,train
11808,DERMASON,train
8050,SIRA,train
5767,HOROZ,train
86,SEKER,train
13029,DERMASON,train
9988,SIRA,train
4106,CALI,train
503,SEKER,train
11236,DERMASON,train
11688,DERMASON,train
3674,BOMBAY,train
836,SEKER,train
1505,SEKER,train
577,SEKER,train
2030,BARBUNYA,train
7850,SIRA,train
6002,HOROZ,train
6995,HOROZ,train
12552,DERMASON,train
10895,DERMASON,train
12258,DERMASON,train
4969,CALI,train
13056,DERMASON,train
8578,SIRA,train
6847,HOROZ,train
3105,BARBUNYA,train
10869,DERMASON,train
4734,CALI,train
6569,HOROZ,train
10181,DERMASON,train
6691,HOROZ,train
10003,SIRA,train
8961,SIRA,train
9040,SIRA,train
2928,BARBUNYA,train
2933,BARBUNYA,train
4221,CALI,train
2841,BARBUNYA,train
4345,CALI,train
2110,BARBUNYA,train
12952,DERMASON,train
4369,CALI,train
9691,SIRA,train
2958,BARBUNYA,train
2913,BARBUNYA,train
7312,HOROZ,train
5233,CALI,train
200,SEKER,train
4135,CALI,train
9721,SIRA,train
1789,SEKER,train
12756,DERMASON,train
4416,CALI,train
2894,BARBUNYA,train
8419,SIRA,train
4249,CALI,train
6978,HOROZ,train
5814,HOROZ,train
10480,DERMASON,train
205,SEKER,train
7550,SIRA,train
12522,DERMASON,train
7382,HOROZ,train
14,SEKER,train
5324,CALI,train
1701,SEKER,train
6149,HOROZ,train
4922,CALI,train
6061,HOROZ,train
7306,HOROZ,train
7608,SIRA,train
10816,DERMASON,train
10594,DERMASON,train
8145,SIRA,train
6509,HOROZ,train
12413,DERMASON,train
7125,HOROZ,train
364,SEKER,train
12110,DERMASON,train
8473,SIRA,train
6114,HOROZ,train
327,SEKER,train
3194,BARBUNYA,train
1241,SEKER,train
11039,DERMASON,train
9903,SIRA,train
1252,SEKER,train
2466,BARBUNYA,train
3944,CALI,train
5458,CALI,train
2223,BARBUNYA,train
10474,DERMASON,train
2379,BARBUNYA,train
697,SEKER,train
1371,SEKER,train
8299,SIRA,train
8618,SIRA,train
8675,SIRA,train
11508,DERMASON,train
4926,CALI,train
2845,BARBUNYA,train
92,SEKER,train
8665,SIRA,train
11851,DERMASON,train
8342,SIRA,train
7534,SIRA,train
13019,DERMASON,train
3328,BARBUNYA,train
6147,HOROZ,train
10429,DERMASON,train
3959,CALI,train
2695,BARBUNYA,train
5437,CALI,train
11248,DERMASON,train
5064,CALI,train
12579,DERMASON,train
2853,BARBUNYA,train
3953,CALI,train
7047,HOROZ,train
8340,SIRA,train
7794,SIRA,train
1017,SEKER,train
12498,DERMASON,train
7558,SIRA,train
8038,SIRA,train
3102,BARBUNYA,train
3731,BOMBAY,train
54,SEKER,train
6663,HOROZ,train
11268,DERMASON,train
8691,SIRA,train
1664,SEKER,train
8009,SIRA,train
6786,HOROZ,train
615,SEKER,train
1944,SEKER,train
8561,SIRA,train
5095,CALI,train
2159,BARBUNYA,train
9668,SIRA,train
6638,HOROZ,train
6330,HOROZ,train
12831,DERMASON,train
2540,BARBUNYA,train
3476,BOMBAY,train
6455,HOROZ,train
11869,DERMASON,train
13267,DERMASON,train
7017,HOROZ,train
8932,SIRA,train
5825,HOROZ,train
11458,DERMASON,train
10964,DERMASON,train
13131,DERMASON,train
10163,DERMASON,train
10312,DERMASON,train
10658,DERMASON,train
12245,DERMASON,train
294,SEKER,train
3594,BOMBAY,train
9197,SIRA,train
12618,DERMASON,train
9549,SIRA,train
12918,DERMASON,train
7370,HOROZ,train
1247,SEKER,train
4494,CALI,train
11180,DERMASON,train
388,SEKER,train
13185,DERMASON,train
3061,BARBUNYA,train
4645,CALI,train
11812,DERMASON,train
10156,DERMASON,train
5347,CALI,train
5904,HOROZ,train
7221,HOROZ,train
9472,SIRA,train
7899,SIRA,train
2750,BARBUNYA,train
1579,SEKER,train
2628,BARBUNYA,train
5878,HOROZ,train
4479,CALI,train
1447,SEKER,train
12921,DERMASON,train
21,SEKER,train
1166,SEKER,train
9371,SIRA,train
3208,BARBUNYA,train
10447,DERMASON,train
6854,HOROZ,train
3401,BOMBAY,train
13503,DERMASON,train
9520,SIRA,train
657,SEKER,train
10868,DERMASON,train
338,SEKER,train
1600,SEKER,train
5434,CALI,train
5613,HOROZ,train
12664,DERMASON,train
3097,BARBUNYA,train
11209,DERMASON,train
4759,CALI,train
9967,SIRA,train
11888,DERMASON,train
2387,BARBUNYA,train
9181,SIRA,train
1264,SEKER,train
4925,CALI,train
9164,SIRA,train
11418,DERMASON,train
11520,DERMASON,train
12169,DERMASON,train
483,SEKER,train
349,SEKER,train
9575,SIRA,train
13423,DERMASON,train
12749,DERMASON,train
10711,DERMASON,train
6218,HOROZ,train
10053,SIRA,train
11512,DERMASON,train
13148,DERMASON,train
3803,BOMBAY,train
7358,HOROZ,train
4525,CALI,train
9212,SIRA,train
7111,HOROZ,train
745,SEKER,train
6823,HOROZ,train
11699,DERMASON,train
1842,SEKER,train
10917,DERMASON,train
3515,BOMBAY,train
2099,BARBUNYA,train
1934,SEKER,train
3775,BOMBAY,train
9360,SIRA,train
11987,DERMASON,train
10237,DERMASON,train
1626,SEKER,train
3016,BARBUNYA,train
11879,DERMASON,train
7915,SIRA,train
9224,SIRA,train
6529,HOROZ,train
471,SEKER,train
944,SEKER,train
11810,DERMASON,train
2111,BARBUNYA,train
8043,SIRA,train
4322,CALI,train
6869,HOROZ,train
3601,BOMBAY,train
4187,CALI,train
435,SEKER,train
6426,HOROZ,train
922,SEKER,train
13408,DERMASON,train
6802,HOROZ,train
1994,SEKER,train
10236,DERMASON,train
7804,SIRA,train
8646,SIRA,train
10910,DERMASON,train
4098,CALI,train
6348,HOROZ,train
7328,HOROZ,train
7738,SIRA,train
9024,SIRA,train
4793,CALI,train
9635,SIRA,train
7242,HOROZ,train
8124,SIRA,train
5006,CALI,train
10346,DERMASON,train
8748,SIRA,train
2462,BARBUNYA,train
3813,BOMBAY,train
12358,DERMASON,train
12242,DERMASON,train
8880,SIRA,train
7001,HOROZ,train
9325,SIRA,train
4515,CALI,train
10144,DERMASON,train
6357,HOROZ,train
7270,HOROZ,train
8465,SIRA,train
12215,DERMASON,train
4668,CALI,train
10329,DERMASON,train
13271,DERMASON,train
5830,HOROZ,train
4242,CALI,train
4437,CALI,train
2948,BARBUNYA,train
1970,SEKER,train
12511,DERMASON,train
7754,SIRA,train
3458,BOMBAY,train
11483,DERMASON,train
11681,DERMASON,train
3454,BOMBAY,train
1317,SEKER,train
7960,SIRA,train
264,SEKER,train
7405,HOROZ,train
2495,BARBUNYA,train
10242,DERMASON,train
6852,HOROZ,train
7572,SIRA,train
12943,DERMASON,train
1163,SEKER,train
13133,DERMASON,train
6232,HOROZ,train
5036,CALI,train
3309,BARBUNYA,train
2812,BARBUNYA,train
4722,CALI,train
6913,HOROZ,train
2240,BARBUNYA,train
4457,CALI,train
1266,SEKER,train
4031,CALI,train
12514,DERMASON,train
7375,HOROZ,train
5532,HOROZ,train
1259,SEKER,train
373,SEKER,train
2194,BARBUNYA,train
4414,CALI,train
13462,DERMASON,train
2915,BARBUNYA,train
10663,DERMASON,train
6246,HOROZ,train
6941,HOROZ,train
3914,CALI,train
2097,BARBUNYA,train
11049,DERMASON,train
13573,DERMASON,train
423,SEKER,train
7247,HOROZ,train
7869,SIRA,train
431,SEKER,train
5588,HOROZ,train
926,SEKER,train
2231,BARBUNYA,train
9600,SIRA,train
7532,SIRA,train
4648,CALI,train
520,SEKER,train
9147,SIRA,train
824,SEKER,train
12682,DERMASON,train
5503,HOROZ,train
12659,DERMASON,train
1213,SEKER,train
9676,SIRA,train
3740,BOMBAY,train
1337,SEKER,train
8891,SIRA,train
6740,HOROZ,train
11267,DERMASON,train
13152,DERMASON,train
12377,DERMASON,train
10648,DERMASON,train
8157,SIRA,train
12303,DERMASON,train
6071,HOROZ,train
9924,SIRA,train
9845,SIRA,train
491,SEKER,train
4706,CALI,train
8610,SIRA,train
525,SEKER,train
5005,CALI,train
6888,HOROZ,train
3147,BARBUNYA,train
9401,SIRA,train
2906,BARBUNYA,train
852,SEKER,train
10243,DERMASON,train
11713,DERMASON,train
6252,HOROZ,train
7942,SIRA,train
5035,CALI,train
8282,SIRA,train
7337,HOROZ,train
10094,DERMASON,train
4932,CALI,train
4728,CALI,train
1233,SEKER,train
5780,HOROZ,train
2631,BARBUNYA,train
7768,SIRA,train
1059,SEKER,train
11325,DERMASON,train
1959,SEKER,train
9727,SIRA,train
8432,SIRA,train
3014,BARBUNYA,train
7902,SIRA,train
5955,HOROZ,train
13069,DERMASON,train
11435,DERMASON,train
1835,SEKER,train
10922,DERMASON,train
12189,DERMASON,train
853,SEKER,train
2465,BARBUNYA,train
7392,HOROZ,train
10747,DERMASON,train
1255,SEKER,train
9781,SIRA,train
4421,CALI,train
11642,DERMASON,train
949,SEKER,train
6478,HOROZ,train
11263,DERMASON,train
11846,DERMASON,train
5932,HOROZ,train
11683,DERMASON,train
9552,SIRA,train
7551,SIRA,train
8601,SIRA,train
13053,DERMASON,train
11070,DERMASON,train
494,SEKER,train
4944,CALI,train
3202,BARBUNYA,train
10021,SIRA,train
12581,DERMASON,train
10490,DERMASON,train
12463,DERMASON,train
11797,DERMASON,train
1435,SEKER,train
781,SEKER,train
791,SEKER,train
7836,SIRA,train
11139,DERMASON,train
13224,DERMASON,train
8290,SIRA,train
11025,DERMASON,train
2798,BARBUNYA,train
429,SEKER,train
4052,CALI,train
12100,DERMASON,train
6739,HOROZ,train
7654,SIRA,train
1753,SEKER,train
7612,SIRA,train
2259,BARBUNYA,train
10894,DERMASON,train
444,SEKER,train
5850,HOROZ,train
13275,DERMASON,train
512,SEKER,train
13435,DERMASON,train
12641,DERMASON,train
1027,SEKER,train
795,SEKER,train
5342,CALI,train
9319,SIRA,train
8983,SIRA,train
2888,BARBUNYA,train
12302,DERMASON,train
10187,DERMASON,train
2649,BARBUNYA,train
12089,DERMASON,train
2281,BARBUNYA,train
7357,HOROZ,train
4304,CALI,train
6153,HOROZ,train
10423,DERMASON,train
3331,BARBUNYA,train
10141,DERMASON,train
6407,HOROZ,train
8739,SIRA,train
1119,SEKER,train
6904,HOROZ,train
13446,DERMASON,train
4432,CALI,train
4977,CALI,train
703,SEKER,train
5556,HOROZ,train
6670,HOROZ,train
4434,CALI,train
10826,DERMASON,train
4815,CALI,train
2264,BARBUNYA,train
8404,SIRA,train
2584,BARBUNYA,train
7995,SIRA,train
3357,BOMBAY,train
11243,DERMASON,train
7076,HOROZ,train
7616,SIRA,train
12255,DERMASON,train
3766,BOMBAY,train
1174,SEKER,train
12371,DERMASON,train
10758,DERMASON,train
5593,HOROZ,train
2345,BARBUNYA,train
5469,CALI,train
4856,CALI,train
12504,DERMASON,train
4676,CALI,train
11990,DERMASON,train
9458,SIRA,train
3566,BOMBAY,train
752,SEKER,train
5929,HOROZ,train
8411,SIRA,train
10069,DERMASON,train
2413,BARBUNYA,train
9038,SIRA,train
4693,CALI,train
3890,CALI,train
11407,DERMASON,train
9596,SIRA,train
5384,CALI,train
13047,DERMASON,train
1802,SEKER,train
2975,BARBUNYA,train
12493,DERMASON,train
12348,DERMASON,train
2409,BARBUNYA,train
11855,DERMASON,train
8938,SIRA,train
2582,BARBUNYA,train
4669,CALI,train
12116,DERMASON,train
4332,CALI,train
9059,SIRA,train
4371,CALI,train
3511,BOMBAY,train
7865,SIRA,train
4389,CALI,train
10419,DERMASON,train
489,SEKER,train
10037,SIRA,train
2250,BARBUNYA,train
13310,DERMASON,train
13245,DERMASON,train
12768,DERMASON,train
2814,BARBUNYA,train
1284,SEKER,train
3298,BARBUNYA,train
9316,SIRA,train
11027,DERMASON,train
1752,SEKER,train
8269,SIRA,train
10531,DERMASON,train
10337,DERMASON,train
4063,CALI,train
7361,HOROZ,train
7830,SIRA,train
6628,HOROZ,train
13119,DERMASON,train
13304,DERMASON,train
11789,DERMASON,train
12462,DERMASON,train
9297,SIRA,train
8329,SIRA,train
1385,SEKER,train
6172,HOROZ,train
342,SEKER,train
1537,SEKER,train
8431,SIRA,train
9861,SIRA,train
10301,DERMASON,train
3388,BOMBAY,train
2128,BARBUNYA,train
8333,SIRA,train
4521,CALI,train
5065,CALI,train
3259,BARBUNYA,train
7914,SIRA,train
12174,DERMASON,train
5591,HOROZ,train
3586,BOMBAY,train
5417,CALI,train
11162,DERMASON,train
7232,HOROZ,train
1897,SEKER,train
10268,DERMASON,train
12608,DERMASON,train
578,SEKER,train
6785,HOROZ,train
10437,DERMASON,train
9507,SIRA,train
11821,DERMASON,train
8822,SIRA,train
3168,BARBUNYA,train
4314,CALI,train
7661,SIRA,train
12974,DERMASON,train
7772,SIRA,train
7742,SIRA,train
7689,SIRA,train
12336,DERMASON,train
11431,DERMASON,train
10194,DERMASON,train
9406,SIRA,train
5007,CALI,train
11461,DERMASON,train
4980,CALI,train
3235,BARBUNYA,train
3332,BARBUNYA,train
3397,BOMBAY,train
12662,DERMASON,train
668,SEKER,train
13027,DERMASON,train
5988,HOROZ,train
9896,SIRA,train
3990,CALI,train
7934,SIRA,train
878,SEKER,train
10547,DERMASON,train
13564,DERMASON,train
3568,BOMBAY,train
7279,HOROZ,train
10579,DERMASON,train
6477,HOROZ,train
10311,DERMASON,train
10781,DERMASON,train
10740,DERMASON,train
10845,DERMASON,train
2608,BARBUNYA,train
10049,SIRA,train
9220,SIRA,train
4113,CALI,train
9502,SIRA,train
10913,DERMASON,train
839,SEKER,train
5286,CALI,train
11059,DERMASON,train
2174,BARBUNYA,train
144,SEKER,train
4788,CALI,train
3213,BARBUNYA,train
7003,HOROZ,train
7631,SIRA,train
7377,HOROZ,train
4043,CALI,train
3504,BOMBAY,train
3024,BARBUNYA,train
2926,BARBUNYA,train
5652,HOROZ,train
13002,DERMASON,train
6391,HOROZ,train
2358,BARBUNYA,train
9321,SIRA,train
623,SEKER,train
7788,SIRA,train
11352,DERMASON,train
3379,BOMBAY,train
11751,DERMASON,train
12102,DERMASON,train
8182,SIRA,train
12353,DERMASON,train
1355,SEKER,train
10551,DERMASON,train
4567,CALI,train
5431,CALI,train
219,SEKER,train
1479,SEKER,train
4225,CALI,train
8073,SIRA,train
11640,DERMASON,train
7825,SIRA,train
10962,DERMASON,train
8336,SIRA,train
1115,SEKER,train
9739,SIRA,train
11123,DERMASON,train
2237,BARBUNYA,train
6225,HOROZ,train
8265,SIRA,train
800,SEKER,train
1329,SEKER,train
2355,BARBUNYA,train
8449,SIRA,train
12653,DERMASON,train
587,SEKER,train
9145,SIRA,train
11143,DERMASON,train
3661,BOMBAY,train
8263,SIRA,train
1180,SEKER,train
9522,SIRA,train
11099,DERMASON,train
12721,DERMASON,train
4141,CALI,train
5670,HOROZ,train
7870,SIRA,train
5569,HOROZ,train
2454,BARBUNYA,train
2343,BARBUNYA,train
4472,CALI,train
304,SEKER,train
3452,BOMBAY,train
2282,BARBUNYA,train
644,SEKER,train
3830,BOMBAY,train
10793,DERMASON,train
251,SEKER,train
7129,HOROZ,train
12935,DERMASON,train
12585,DERMASON,train
33,SEKER,train
1552,SEKER,train
2167,BARBUNYA,train
4293,CALI,train
4556,CALI,train
13368,DERMASON,train
12396,DERMASON,train
3508,BOMBAY,train
12666,DERMASON,train
12397,DERMASON,train
10583,DERMASON,train
3979,CALI,train
5669,HOROZ,train
5172,CALI,train
11437,DERMASON,train
6175,HOROZ,train
3432,BOMBAY,train
5447,CALI,train
569,SEKER,train
12088,DERMASON,train
1270,SEKER,train
2525,BARBUNYA,train
2483,BARBUNYA,train
5271,CALI,train
4808,CALI,train
12470,DERMASON,train
7797,SIRA,train
10626,DERMASON,train
12122,DERMASON,train
7963,SIRA,train
6721,HOROZ,train
10296,DERMASON,train
8444,SIRA,train
3108,BARBUNYA,train
10975,DERMASON,train
3402,BOMBAY,train
146,SEKER,train
4027,CALI,train
1201,SEKER,train
7066,HOROZ,train
2117,BARBUNYA,train
8392,SIRA,train
6501,HOROZ,train
8753,SIRA,train
11545,DERMASON,train
7507,SIRA,train
4573,CALI,train
6471,HOROZ,train
10230,DERMASON,train
2131,BARBUNYA,train
9955,SIRA,train
5356,CALI,train
11666,DERMASON,train
2912,BARBUNYA,train
11226,DERMASON,train
4583,CALI,train
8492,SIRA,train
2805,BARBUNYA,train
7224,HOROZ,train
4190,CALI,train
11485,DERMASON,train
13456,DERMASON,train
12362,DERMASON,train
8820,SIRA,train
372,SEKER,train
1786,SEKER,train
5720,HOROZ,train
9497,SIRA,train
4894,CALI,train
2251,BARBUNYA,train
4305,CALI,train
13132,DERMASON,train
4910,CALI,train
13212,DERMASON,train
10736,DERMASON,train
1969,SEKER,train
1110,SEKER,train
7097,HOROZ,train
1742,SEKER,train
4592,CALI,train
4335,CALI,train
2722,BARBUNYA,train
8626,SIRA,train
6131,HOROZ,train
5854,HOROZ,train
9180,SIRA,train
725,SEKER,train
5870,HOROZ,train
4159,CALI,train
11305,DERMASON,train
2742,BARBUNYA,train
4986,CALI,train
8272,SIRA,train
3466,BOMBAY,train
2530,BARBUNYA,train
548,SEKER,train
2579,BARBUNYA,train
1434,SEKER,train
11459,DERMASON,train
7644,SIRA,train
7364,HOROZ,train
479,SEKER,train
49,SEKER,train
3185,BARBUNYA,train
7148,HOROZ,train
11518,DERMASON,train
3532,BOMBAY,train
3291,BARBUNYA,train
10865,DERMASON,train
80,SEKER,train
3314,BARBUNYA,train
2070,BARBUNYA,train
5435,CALI,train
9093,SIRA,train
8112,SIRA,train
4877,CALI,train
893,SEKER,train
9416,SIRA,train
13099,DERMASON,train
10108,DERMASON,train
12279,DERMASON,train
4065,CALI,train
1635,SEKER,train
9994,SIRA,train
842,SEKER,train
5960,HOROZ,train
2329,BARBUNYA,train
12919,DERMASON,train
6760,HOROZ,train
11635,DERMASON,train
726,SEKER,train
1828,SEKER,train
10945,DERMASON,train
9714,SIRA,train
10186,DERMASON,train
4397,CALI,train
1240,SEKER,train
12703,DERMASON,train
11412,DERMASON,train
13592,DERMASON,train
7926,SIRA,train
6014,HOROZ,train
12683,DERMASON,train
5444,CALI,train
9980,SIRA,train
1290,SEKER,train
12228,DERMASON,train
1396,SEKER,train
4384,CALI,train
10796,DERMASON,train
5122,CALI,train
2749,BARBUNYA,train
7518,SIRA,train
7366,HOROZ,train
8881,SIRA,train
331,SEKER,train
5703,HOROZ,train
4362,CALI,train
5526,HOROZ,train
3394,BOMBAY,train
1410,SEKER,train
5142,CALI,train
7757,SIRA,train
8975,SIRA,train
457,SEKER,train
9,SEKER,train
9801,SIRA,train
10328,DERMASON,train
9491,SIRA,train
3320,BARBUNYA,train
10139,DERMASON,train
12363,DERMASON,train
12890,DERMASON,train
4430,CALI,train
3231,BARBUNYA,train
2017,SEKER,train
3852,BOMBAY,train
4504,CALI,train
11405,DERMASON,train
2138,BARBUNYA,train
10875,DERMASON,train
10789,DERMASON,train
4079,CALI,train
8793,SIRA,train
12267,DERMASON,train
5983,HOROZ,train
8109,SIRA,train
4866,CALI,train
990,SEKER,train
1221,SEKER,train
10044,SIRA,train
9048,SIRA,train
4005,CALI,train
3389,BOMBAY,train
6833,HOROZ,train
492,SEKER,train
11221,DERMASON,train
4988,CALI,train
12293,DERMASON,train
4975,CALI,train
2339,BARBUNYA,train
3474,BOMBAY,train
4641,CALI,train
7611,SIRA,train
7226,HOROZ,train
2321,BARBUNYA,train
10357,DERMASON,train
11570,DERMASON,train
6561,HOROZ,train
11474,DERMASON,train
3802,BOMBAY,train
10414,DERMASON,train
12613,DERMASON,train
6181,HOROZ,train
4783,CALI,train
10415,DERMASON,train
12778,DERMASON,train
5997,HOROZ,train
5263,CALI,train
2520,BARBUNYA,train
4014,CALI,train
35,SEKER,train
7910,SIRA,train
11768,DERMASON,train
12000,DERMASON,train
8514,SIRA,train
754,SEKER,train
9775,SIRA,train
12159,DERMASON,train
10458,DERMASON,train
10059,SIRA,train
3603,BOMBAY,train
711,SEKER,train
6473,HOROZ,train
2274,BARBUNYA,train
6557,HOROZ,train
1133,SEKER,train
8099,SIRA,train
2916,BARBUNYA,train
84,SEKER,train
5298,CALI,train
1178,SEKER,train
4579,CALI,train
7297,HOROZ,train
7835,SIRA,train
7916,SIRA,train
5241,CALI,train
368,SEKER,train
8366,SIRA,train
7169,HOROZ,train
9346,SIRA,train
11207,DERMASON,train
1008,SEKER,train
11251,DERMASON,train
3557,BOMBAY,train
5699,HOROZ,train
4498,CALI,train
9237,SIRA,train
7182,HOROZ,train
10752,DERMASON,train
7488,SIRA,train
196,SEKER,train
780,SEKER,train
4593,CALI,train
8784,SIRA,train
3836,BOMBAY,train
4038,CALI,train
4219,CALI,train
2332,BARBUNYA,train
6976,HOROZ,train
3605,BOMBAY,train
7353,HOROZ,train
5621,HOROZ,train
11609,DERMASON,train
11122,DERMASON,train
6409,HOROZ,train
12914,DERMASON,train
4363,CALI,train
6410,HOROZ,train
3721,BOMBAY,train
5731,HOROZ,train
10657,DERMASON,train
1157,SEKER,train
4279,CALI,train
6496,HOROZ,train
7363,HOROZ,train
5893,HOROZ,train
642,SEKER,train
1229,SEKER,train
8718,SIRA,train
730,SEKER,train
12858,DERMASON,train
366,SEKER,train
10084,DERMASON,train
99,SEKER,train
497,SEKER,train
8278,SIRA,train
8738,SIRA,train
3385,BOMBAY,train
10200,DERMASON,train
8620,SIRA,train
10655,DERMASON,train
813,SEKER,train
4235,CALI,train
5334,CALI,train
11283,DERMASON,train
417,SEKER,train
2743,BARBUNYA,train
5045,CALI,train
29,SEKER,train
8708,SIRA,train
1758,SEKER,train
13044,DERMASON,train
10170,DERMASON,train
10116,DERMASON,train
687,SEKER,train
13124,DERMASON,train
1296,SEKER,train
7700,SIRA,train
10362,DERMASON,train
12829,DERMASON,train
4209,CALI,train
4950,CALI,train
2684,BARBUNYA,train
12041,DERMASON,train
7924,SIRA,train
12563,DERMASON,train
3322,BARBUNYA,train
9709,SIRA,train
1273,SEKER,train
12878,DERMASON,train
12566,DERMASON,train
275,SEKER,train
11223,DERMASON,train
2015,SEKER,train
2258,BARBUNYA,train
11175,DERMASON,train
4768,CALI,train
9504,SIRA,train
11607,DERMASON,train
3375,BOMBAY,train
6463,HOROZ,train
1647,SEKER,train
1756,SEKER,train
1873,SEKER,train
11848,DERMASON,train
281,SEKER,train
5861,HOROZ,train
6136,HOROZ,train
11677,DERMASON,train
12418,DERMASON,train
8218,SIRA,train
9077,SIRA,train
12627,DERMASON,train
3502,BOMBAY,train
739,SEKER,train
11631,DERMASON,train
7615,SIRA,train
3110,BARBUNYA,train
11615,DERMASON,train
10409,DERMASON,train
7670,SIRA,train
158,SEKER,train
1025,SEKER,train
8744,SIRA,train
12663,DERMASON,train
10028,SIRA,train
10600,DERMASON,train
5534,HOROZ,train
12500,DERMASON,train
5203,CALI,train
11379,DERMASON,train
9852,SIRA,train
3004,BARBUNYA,train
4813,CALI,train
7331,HOROZ,train
9864,SIRA,train
7909,SIRA,train
8772,SIRA,train
13294,DERMASON,train
2764,BARBUNYA,train
855,SEKER,train
10167,DERMASON,train
2421,BARBUNYA,train
1106,SEKER,train
6210,HOROZ,train
1277,SEKER,train
743,SEKER,train
2029,BARBUNYA,train
6837,HOROZ,train
1727,SEKER,train
8749,SIRA,train
1326,SEKER,train
13517,DERMASON,train
13469,DERMASON,train
9012,SIRA,train
8268,SIRA,train
3256,BARBUNYA,train
9911,SIRA,train
12837,DERMASON,train
11618,DERMASON,train
2861,BARBUNYA,train
2797,BARBUNYA,train
10813,DERMASON,train
1722,SEKER,train
4962,CALI,train
6104,HOROZ,train
7272,HOROZ,train
2522,BARBUNYA,train
12820,DERMASON,train
2792,BARBUNYA,train
12998,DERMASON,train
5034,CALI,train
12595,DERMASON,train
1675,SEKER,train
10154,DERMASON,train
2301,BARBUNYA,train
10930,DERMASON,train
4344,CALI,train
9448,SIRA,train
13524,DERMASON,train
8177,SIRA,train
4116,CALI,train
10704,DERMASON,train
8362,SIRA,train
3040,BARBUNYA,train
9869,SIRA,train
9333,SIRA,train
110,SEKER,train
2287,BARBUNYA,train
3403,BOMBAY,train
6092,HOROZ,train
7137,HOROZ,train
3009,BARBUNYA,train
9349,SIRA,train
1686,SEKER,train
9936,SIRA,train
2593,BARBUNYA,train
2770,BARBUNYA,train
7976,SIRA,train
134,SEKER,train
5869,HOROZ,train
128,SEKER,train
8865,SIRA,train
6729,HOROZ,train
10986,DERMASON,train
9049,SIRA,train
12051,DERMASON,train
2074,BARBUNYA,train
7789,SIRA,train
8615,SIRA,train
7277,HOROZ,train
3634,BOMBAY,train
3195,BARBUNYA,train
3101,BARBUNYA,train
12273,DERMASON,train
11318,DERMASON,train
9393,SIRA,train
2066,BARBUNYA,train
7223,HOROZ,train
3560,BOMBAY,train
8841,SIRA,train
7633,SIRA,train
1278,SEKER,train
5139,CALI,train
8814,SIRA,train
12791,DERMASON,train
11595,DERMASON,train
13512,DERMASON,train
5782,HOROZ,train
2253,BARBUNYA,train
3496,BOMBAY,train
3462,BOMBAY,train
11623,DERMASON,train
5490,CALI,train
6504,HOROZ,train
3404,BOMBAY,train
8072,SIRA,train
13394,DERMASON,train
2383,BARBUNYA,train
1852,SEKER,train
2791,BARBUNYA,train
528,SEKER,train
10271,DERMASON,train
10800,DERMASON,train
6950,HOROZ,train
5828,HOROZ,train
7260,HOROZ,train
9501,SIRA,train
7923,SIRA,train
7027,HOROZ,train
11830,DERMASON,train
11981,DERMASON,train
2629,BARBUNYA,train
4393,CALI,train
6464,HOROZ,train
334,SEKER,train
11383,DERMASON,train
6923,HOROZ,train
1624,SEKER,train
4100,CALI,train
9822,SIRA,train
12730,DERMASON,train
4259,CALI,train
2230,BARBUNYA,train
8600,SIRA,train
2201,BARBUNYA,train
1519,SEKER,train
6040,HOROZ,train
5210,CALI,train
13526,DERMASON,train
11398,DERMASON,train
4882,CALI,train
9744,SIRA,train
1491,SEKER,train
3850,BOMBAY,train
1328,SEKER,train
11709,DERMASON,train
1389,SEKER,train
3529,BOMBAY,train
2773,BARBUNYA,train
6650,HOROZ,train
2939,BARBUNYA,train
2556,BARBUNYA,train
3918,CALI,train
8857,SIRA,train
634,SEKER,train
5819,HOROZ,train
5165,CALI,train
5026,CALI,train
2734,BARBUNYA,train
11114,DERMASON,train
2936,BARBUNYA,train
9646,SIRA,train
11794,DERMASON,train
10512,DERMASON,train
231,SEKER,train
6595,HOROZ,train
1553,SEKER,train
9658,SIRA,train
1719,SEKER,train
9210,SIRA,train
6116,HOROZ,train
9591,SIRA,train
11491,DERMASON,train
2892,BARBUNYA,train
64,SEKER,train
5404,CALI,train
8713,SIRA,train
4806,CALI,train
13306,DERMASON,train
7309,HOROZ,train
3212,BARBUNYA,train
13252,DERMASON,train
9611,SIRA,train
1748,SEKER,train
5341,CALI,train
12254,DERMASON,train
10675,DERMASON,train
2104,BARBUNYA,train
10473,DERMASON,train
9774,SIRA,train
4890,CALI,train
6221,HOROZ,train
3371,BOMBAY,train
7068,HOROZ,train
2492,BARBUNYA,train
5362,CALI,train
11649,DERMASON,train
3709,BOMBAY,train
360,SEKER,train
11145,DERMASON,train
4237,CALI,train
12467,DERMASON,train
2741,BARBUNYA,train
7207,HOROZ,train
345,SEKER,train
6247,HOROZ,train
9298,SIRA,train
9375,SIRA,train
13505,DERMASON,train
6021,HOROZ,train
57,SEKER,train
12067,DERMASON,train
6,SEKER,train
10213,DERMASON,train
11017,DERMASON,train
2632,BARBUNYA,train
9536,SIRA,train
9327,SIRA,train
6212,HOROZ,train
5909,HOROZ,train
12341,DERMASON,train
1311,SEKER,train
4155,CALI,train
8868,SIRA,train
1910,SEKER,train
9510,SIRA,train
9373,SIRA,train
2408,BARBUNYA,train
10206,DERMASON,train
8878,SIRA,train
3849,BOMBAY,train
4748,CALI,train
9532,SIRA,train
4851,CALI,train
846,SEKER,train
8968,SIRA,train
10918,DERMASON,train
7823,SIRA,train
7824,SIRA,train
3372,BOMBAY,train
10737,DERMASON,train
7569,SIRA,train
6343,HOROZ,train
1474,SEKER,train
1540,SEKER,train
8376,SIRA,train
13323,DERMASON,train
6319,HOROZ,train
3796,BOMBAY,train
11074,DERMASON,train
4177,CALI,train
6268,HOROZ,train
8913,SIRA,train
12599,DERMASON,train
5510,HOROZ,train
1373,SEKER,train
9572,SIRA,train
190,SEKER,train
3367,BOMBAY,train
9820,SIRA,train
6514,HOROZ,train
3126,BARBUNYA,train
12440,DERMASON,train
6385,HOROZ,train
6784,HOROZ,train
4150,CALI,train
6323,HOROZ,train
9837,SIRA,train
9090,SIRA,train
13227,DERMASON,train
10050,SIRA,train
10871,DERMASON,train
1792,SEKER,train
11760,DERMASON,train
6281,HOROZ,train
12196,DERMASON,train
13386,DERMASON,train
3060,BARBUNYA,train
1801,SEKER,train
11977,DERMASON,train
5525,HOROZ,train
10981,DERMASON,train
11346,DERMASON,train
12003,DERMASON,train
7114,HOROZ,train
11005,DERMASON,train
658,SEKER,train
3021,BARBUNYA,train
8647,SIRA,train
9141,SIRA,train
8829,SIRA,train
1332,SEKER,train
9481,SIRA,train
1482,SEKER,train
11403,DERMASON,train
2305,BARBUNYA,train
5880,HOROZ,train
9815,SIRA,train
9653,SIRA,train
9889,SIRA,train
69,SEKER,train
5811,HOROZ,train
3132,BARBUNYA,train
7504,SIRA,train
9126,SIRA,train
2112,BARBUNYA,train
2082,BARBUNYA,train
10162,DERMASON,train
13202,DERMASON,train
5964,HOROZ,train
13539,DERMASON,train
11601,DERMASON,train
7956,SIRA,train
5020,CALI,train
8354,SIRA,train
7202,HOROZ,train
7540,SIRA,train
11525,DERMASON,train
6696,HOROZ,train
8134,SIRA,train
9331,SIRA,train
3492,BOMBAY,train
7360,HOROZ,train
5109,CALI,train
1590,SEKER,train
12728,DERMASON,train
2931,BARBUNYA,train
10016,SIRA,train
10216,DERMASON,train
12131,DERMASON,train
1403,SEKER,train
10595,DERMASON,train
12715,DERMASON,train
11473,DERMASON,train
10703,DERMASON,train
1486,SEKER,train
1177,SEKER,train
11929,DERMASON,train
5094,CALI,train
9174,SIRA,train
7576,SIRA,train
7885,SIRA,train
10261,DERMASON,train
2294,BARBUNYA,train
3167,BARBUNYA,train
2248,BARBUNYA,train
3260,BARBUNYA,train
7077,HOROZ,train
13020,DERMASON,train
10367,DERMASON,train
12484,DERMASON,train
1414,SEKER,train
10863,DERMASON,train
4149,CALI,train
13258,DERMASON,train
6481,HOROZ,train
2688,BARBUNYA,train
1745,SEKER,train
10058,SIRA,train
4025,CALI,train
3652,BOMBAY,train
9053,SIRA,train
8293,SIRA,train
2076,BARBUNYA,train
6541,HOROZ,train
1140,SEKER,train
6310,HOROZ,train
11472,DERMASON,train
4809,CALI,train
4129,CALI,train
11184,DERMASON,train
4164,CALI,train
8576,SIRA,train
12556,DERMASON,train
9844,SIRA,train
4045,CALI,train
265,SEKER,train
4588,CALI,train
9425,SIRA,train
13177,DERMASON,train
8406,SIRA,train
4643,CALI,train
10681,DERMASON,train
5184,CALI,train
13497,DERMASON,train
3026,BARBUNYA,train
585,SEKER,train
12851,DERMASON,train
2351,BARBUNYA,train
3857,BOMBAY,train
3025,BARBUNYA,train
11475,DERMASON,train
10818,DERMASON,train
7415,HOROZ,train
5624,HOROZ,train
8461,SIRA,train
8103,SIRA,train
1834,SEKER,train
1324,SEKER,train
7492,SIRA,train
71,SEKER,train
6425,HOROZ,train
4203,CALI,train
8015,SIRA,train
1265,SEKER,train
8795,SIRA,train
6723,HOROZ,train
7396,HOROZ,train
6498,HOROZ,train
6956,HOROZ,train
2378,BARBUNYA,train
12192,DERMASON,train
10453,DERMASON,train
2825,BARBUNYA,train
10972,DERMASON,train
13097,DERMASON,train
907,SEKER,train
351,SEKER,train
8552,SIRA,train
4280,CALI,train
9586,SIRA,train
5260,CALI,train
7501,SIRA,train
2182,BARBUNYA,train
211,SEKER,train
8428,SIRA,train
1005,SEKER,train
8903,SIRA,train
13268,DERMASON,train
5804,HOROZ,train
7236,HOROZ,train
1976,SEKER,train
4207,CALI,train
5597,HOROZ,train
12361,DERMASON,train
293,SEKER,train
3702,BOMBAY,train
3838,BOMBAY,train
5558,HOROZ,train
12839,DERMASON,train
8528,SIRA,train
8741,SIRA,train
10048,SIRA,train
6479,HOROZ,train
18,SEKER,train
2550,BARBUNYA,train
1906,SEKER,train
7231,HOROZ,train
60,SEKER,train
12147,DERMASON,train
9328,SIRA,train
2326,BARBUNYA,train
315,SEKER,train
9942,SIRA,train
369,SEKER,train
9304,SIRA,train
222,SEKER,train
1732,SEKER,train
5239,CALI,train
10844,DERMASON,train
5313,CALI,train
3559,BOMBAY,train
2359,BARBUNYA,train
9686,SIRA,train
2507,BARBUNYA,train
3467,BOMBAY,train
5562,HOROZ,train
9517,SIRA,train
3120,BARBUNYA,train
9240,SIRA,train
1973,SEKER,train
2304,BARBUNYA,train
11849,DERMASON,train
5733,HOROZ,train
11946,DERMASON,train
4233,CALI,train
7336,HOROZ,train
8445,SIRA,train
12390,DERMASON,train
9960,SIRA,train
8482,SIRA,train
4952,CALI,train
773,SEKER,train
3343,BARBUNYA,train
11196,DERMASON,train
1839,SEKER,train
6077,HOROZ,train
6768,HOROZ,train
5742,HOROZ,train
7908,SIRA,train
8699,SIRA,train
6314,HOROZ,train
9183,SIRA,train
2510,BARBUNYA,train
12855,DERMASON,train
4271,CALI,train
1143,SEKER,train
11814,DERMASON,train
5268,CALI,train
443,SEKER,train
11441,DERMASON,train
4082,CALI,train
12523,DERMASON,train
4092,CALI,train
8384,SIRA,train
7890,SIRA,train
3778,BOMBAY,train
2460,BARBUNYA,train
5326,CALI,train
10892,DERMASON,train
12900,DERMASON,train
5143,CALI,train
13436,DERMASON,train
8271,SIRA,train
6909,HOROZ,train
12146,DERMASON,train
5219,CALI,train
239,SEKER,train
7498,SIRA,train
5580,HOROZ,train
6548,HOROZ,train
611,SEKER,train
8254,SIRA,train
5370,CALI,train
3887,CALI,train
2634,BARBUNYA,train
8824,SIRA,train
3135,BARBUNYA,train
7588,SIRA,train
1483,SEKER,train
12578,DERMASON,train
268,SEKER,train
10189,DERMASON,train
784,SEKER,train
11856,DERMASON,train
6873,HOROZ,train
2147,BARBUNYA,train
1495,SEKER,train
11791,DERMASON,train
2882,BARBUNYA,train
10274,DERMASON,train
11944,DERMASON,train
11260,DERMASON,train
6872,HOROZ,train
5586,HOROZ,train
11836,DERMASON,train
12139,DERMASON,train
1248,SEKER,train
1149,SEKER,train
8208,SIRA,train
4935,CALI,train
6080,HOROZ,train
13380,DERMASON,train
3877,CALI,train
1746,SEKER,train
8255,SIRA,train
3741,BOMBAY,train
12894,DERMASON,train
3006,BARBUNYA,train
9017,SIRA,train
8464,SIRA,train
7578,SIRA,train
8995,SIRA,train
13172,DERMASON,train
992,SEKER,train
13008,DERMASON,train
3695,BOMBAY,train
7124,HOROZ,train
7715,SIRA,train
1316,SEKER,train
3127,BARBUNYA,train
11063,DERMASON,train
2578,BARBUNYA,train
5612,HOROZ,train
12699,DERMASON,train
13364,DERMASON,train
11594,DERMASON,train
4985,CALI,train
5920,HOROZ,train
3682,BOMBAY,train
11289,DERMASON,train
7324,HOROZ,train
1146,SEKER,train
9311,SIRA,train
7808,SIRA,train
12365,DERMASON,train
4513,CALI,train
4974,CALI,train
10208,DERMASON,train
10481,DERMASON,train
7304,HOROZ,train
12711,DERMASON,train
3658,BOMBAY,train
6065,HOROZ,train
13017,DERMASON,train
7339,HOROZ,train
12789,DERMASON,train
17,SEKER,train
10701,DERMASON,train
1841,SEKER,train
403,SEKER,train
2566,BARBUNYA,train
660,SEKER,train
9315,SIRA,train
13429,DERMASON,train
6919,HOROZ,train
3356,BOMBAY,train
5067,CALI,train
10649,DERMASON,train
8295,SIRA,train
5499,CALI,train
8556,SIRA,train
1803,SEKER,train
9417,SIRA,train
4731,CALI,train
11885,DERMASON,train
10794,DERMASON,train
10505,DERMASON,train
12120,DERMASON,train
523,SEKER,train
4690,CALI,train
2109,BARBUNYA,train
4629,CALI,train
11479,DERMASON,train
7428,HOROZ,train
6018,HOROZ,train
6896,HOROZ,train
755,SEKER,train
13199,DERMASON,train
2011,SEKER,train
9136,SIRA,train
9910,SIRA,train
7203,HOROZ,train
9243,SIRA,train
4747,CALI,train
5042,CALI,train
1847,SEKER,train
210,SEKER,train
11574,DERMASON,train
11737,DERMASON,train
8869,SIRA,train
2615,BARBUNYA,train
13106,DERMASON,train
12542,DERMASON,train
6298,HOROZ,train
6677,HOROZ,train
7399,HOROZ,train
3204,BARBUNYA,train
6712,HOROZ,train
3588,BOMBAY,train
7619,SIRA,train
11448,DERMASON,train
8401,SIRA,train
10140,DERMASON,train
1258,SEKER,train
12155,DERMASON,train
4309,CALI,train
3794,BOMBAY,train
9413,SIRA,train
12723,DERMASON,train
11507,DERMASON,train
1952,SEKER,train
12270,DERMASON,train
6176,HOROZ,train
9610,SIRA,train
4699,CALI,train
1592,SEKER,train
3149,BARBUNYA,train
9870,SIRA,train
11722,DERMASON,train
7798,SIRA,train
10120,DERMASON,train
9172,SIRA,train
8840,SIRA,train
8571,SIRA,train
9970,SIRA,train
8710,SIRA,train
12864,DERMASON,train
5881,HOROZ,train
2435,BARBUNYA,train
10165,DERMASON,train
13530,DERMASON,train
2165,BARBUNYA,train
6170,HOROZ,train
5081,CALI,train
12128,DERMASON,train
5806,HOROZ,train
5009,CALI,train
426,SEKER,train
8905,SIRA,train
249,SEKER,train
6446,HOROZ,train
5427,CALI,train
9602,SIRA,train
4915,CALI,train
6737,HOROZ,train
5677,HOROZ,train
8759,SIRA,train
3340,BARBUNYA,train
2337,BARBUNYA,train
7546,SIRA,train
3947,CALI,train
941,SEKER,train
562,SEKER,train
3629,BOMBAY,train
723,SEKER,train
13197,DERMASON,train
13067,DERMASON,train
3806,BOMBAY,train
2211,BARBUNYA,train
8013,SIRA,train
7356,HOROZ,train
8797,SIRA,train
1972,SEKER,train
574,SEKER,train
12750,DERMASON,train
11347,DERMASON,train
10033,SIRA,train
12010,DERMASON,train
5868,HOROZ,train
10250,DERMASON,train
13049,DERMASON,train
1493,SEKER,train
4892,CALI,train
4122,CALI,train
8729,SIRA,train
7348,HOROZ,train
863,SEKER,train
8350,SIRA,train
6383,HOROZ,train
2755,BARBUNYA,train
7323,HOROZ,train
704,SEKER,train
5553,HOROZ,train
6641,HOROZ,train
2974,BARBUNYA,train
11152,DERMASON,train
1125,SEKER,train
1597,SEKER,train
589,SEKER,train
10161,DERMASON,train
295,SEKER,train
12163,DERMASON,train
6722,HOROZ,train
7848,SIRA,train
7274,HOROZ,train
5582,HOROZ,train
11875,DERMASON,train
2757,BARBUNYA,train
9655,SIRA,train
4945,CALI,train
4786,CALI,train
12712,DERMASON,train
4336,CALI,train
394,SEKER,train
3369,BOMBAY,train
7135,HOROZ,train
10364,DERMASON,train
11215,DERMASON,train
9423,SIRA,train
654,SEKER,train
13040,DERMASON,train
5106,CALI,train
12197,DERMASON,train
7115,HOROZ,train
13338,DERMASON,train
9964,SIRA,train
10666,DERMASON,train
114,SEKER,train
1607,SEKER,train
1159,SEKER,train
3186,BARBUNYA,train
4419,CALI,train
9986,SIRA,train
5950,HOROZ,train
2640,BARBUNYA,train
3478,BOMBAY,train
4075,CALI,train
3923,CALI,train
2438,BARBUNYA,train
12979,DERMASON,train
3600,BOMBAY,train
10567,DERMASON,train
8651,SIRA,train
6874,HOROZ,train
5952,HOROZ,train
3187,BARBUNYA,train
9648,SIRA,train
13074,DERMASON,train
6089,HOROZ,train
3144,BARBUNYA,train
10891,DERMASON,train
8645,SIRA,train
12292,DERMASON,train
1549,SEKER,train
1877,SEKER,train
1000,SEKER,train
3691,BOMBAY,train
12338,DERMASON,train
11676,DERMASON,train
3871,CALI,train
8642,SIRA,train
7764,SIRA,train
5428,CALI,train
12924,DERMASON,train
4346,CALI,train
6772,HOROZ,train
10630,DERMASON,train
6201,HOROZ,train
11970,DERMASON,train
727,SEKER,train
5530,HOROZ,train
1998,SEKER,train
8854,SIRA,train
10386,DERMASON,train
8698,SIRA,train
7106,HOROZ,train
13255,DERMASON,train
1958,SEKER,train
2723,BARBUNYA,train
7817,SIRA,train
5105,CALI,train
7597,SIRA,train
11262,DERMASON,train
10543,DERMASON,train
2141,BARBUNYA,train
9605,SIRA,train
12207,DERMASON,train
4916,CALI,train
11311,DERMASON,train
4604,CALI,train
10188,DERMASON,train
9007,SIRA,train
7596,SIRA,train
10662,DERMASON,train
3080,BARBUNYA,train
8669,SIRA,train
11952,DERMASON,train
4572,CALI,train
3513,BOMBAY,train
6827,HOROZ,train
6313,HOROZ,train
6194,HOROZ,train
1173,SEKER,train
698,SEKER,train
5424,CALI,train
3874,CALI,train
11213,DERMASON,train
2254,BARBUNYA,train
1902,SEKER,train
4376,CALI,train
12021,DERMASON,train
12555,DERMASON,train
9184,SIRA,train
6922,HOROZ,train
4505,CALI,train
5393,CALI,train
1913,SEKER,train
8809,SIRA,train
4137,CALI,train
4050,CALI,train
1121,SEKER,train
13266,DERMASON,train
9643,SIRA,train
9397,SIRA,train
8778,SIRA,train
9484,SIRA,train
9965,SIRA,train
3064,BARBUNYA,train
3423,BOMBAY,train
2116,BARBUNYA,train
8123,SIRA,train
10568,DERMASON,train
13147,DERMASON,train
4496,CALI,train
10491,DERMASON,train
1011,SEKER,train
7293,HOROZ,train
11996,DERMASON,train
2594,BARBUNYA,train
357,SEKER,train
5702,HOROZ,train
8705,SIRA,train
12549,DERMASON,train
2976,BARBUNYA,train
9166,SIRA,train
11246,DERMASON,train
12962,DERMASON,train
5195,CALI,train
1237,SEKER,train
8131,SIRA,train
5394,CALI,train
7334,HOROZ,train
5485,CALI,train
12471,DERMASON,train
5962,HOROZ,train
10689,DERMASON,train
8537,SIRA,train
10771,DERMASON,train
12844,DERMASON,train
2068,BARBUNYA,train
4981,CALI,train
13299,DERMASON,train
10716,DERMASON,train
5227,CALI,train
3671,BOMBAY,train
7971,SIRA,train
9462,SIRA,train
6841,HOROZ,train
10968,DERMASON,train
6016,HOROZ,train
6812,HOROZ,train
10396,DERMASON,train
5760,HOROZ,train
4244,CALI,train
12288,DERMASON,train
10065,DERMASON,train
6406,HOROZ,train
6041,HOROZ,train
2239,BARBUNYA,train
9020,SIRA,train
7010,HOROZ,train
8453,SIRA,train
7566,SIRA,train
7013,HOROZ,train
12046,DERMASON,train
2324,BARBUNYA,train
11956,DERMASON,train
5735,HOROZ,train
8339,SIRA,train
3,SEKER,train
4790,CALI,train
3828,BOMBAY,train
8582,SIRA,train
7676,SIRA,train
6930,HOROZ,train
6713,HOROZ,train
2702,BARBUNYA,train
9996,SIRA,train
5360,CALI,train
9673,SIRA,train
6369,HOROZ,train
4127,CALI,train
3892,CALI,train
5044,CALI,train
10851,DERMASON,train
8786,SIRA,train
8057,SIRA,train
935,SEKER,train
13475,DERMASON,train
4117,CALI,train
947,SEKER,train
4481,CALI,train
12546,DERMASON,train
9051,SIRA,train
6840,HOROZ,train
7210,HOROZ,train
2843,BARBUNYA,train
9353,SIRA,train
7187,HOROZ,train
11490,DERMASON,train
984,SEKER,train
5507,HOROZ,train
12901,DERMASON,train
12680,DERMASON,train
1964,SEKER,train
4924,CALI,train
5128,CALI,train
12892,DERMASON,train
5056,CALI,train
649,SEKER,train
6844,HOROZ,train
11320,DERMASON,train
1826,SEKER,train
6400,HOROZ,train
11067,DERMASON,train
11865,DERMASON,train
13312,DERMASON,train
812,SEKER,train
9340,SIRA,train
5474,CALI,train
4908,CALI,train
10366,DERMASON,train
609,SEKER,train
13543,DERMASON,train
10472,DERMASON,train
6555,HOROZ,train
12405,DERMASON,train
8998,SIRA,train
11158,DERMASON,train
4081,CALI,train
13433,DERMASON,train
5108,CALI,train
3624,BOMBAY,train
930,SEKER,train
8418,SIRA,train
10079,DERMASON,train
7346,HOROZ,train
2422,BARBUNYA,train
9753,SIRA,train
4594,CALI,train
13317,DERMASON,train
13026,DERMASON,train
6538,HOROZ,train
7480,SIRA,train
4760,CALI,train
8216,SIRA,train
5433,CALI,train
4610,CALI,train
5581,HOROZ,train
12426,DERMASON,train
8312,SIRA,train
12049,DERMASON,train
901,SEKER,train
9470,SIRA,train
4300,CALI,train
1440,SEKER,train
6659,HOROZ,train
230,SEKER,train
12823,DERMASON,train
9999,SIRA,train
3919,CALI,train
1919,SEKER,train
1139,SEKER,train
1836,SEKER,train
2291,BARBUNYA,train
2366,BARBUNYA,train
6102,HOROZ,train
8966,SIRA,train
8297,SIRA,train
2642,BARBUNYA,train
6815,HOROZ,train
749,SEKER,train
11783,DERMASON,train
6513,HOROZ,train
9281,SIRA,train
5823,HOROZ,train
1271,SEKER,train
2090,BARBUNYA,train
7145,HOROZ,train
6055,HOROZ,train
11155,DERMASON,train
2761,BARBUNYA,train
12092,DERMASON,train
2374,BARBUNYA,train
5743,HOROZ,train
6012,HOROZ,train
3907,CALI,train
7479,SIRA,train
6596,HOROZ,train
8078,SIRA,train
1377,SEKER,train
8380,SIRA,train
4328,CALI,train
9414,SIRA,train
1468,SEKER,train
6382,HOROZ,train
3909,CALI,train
1207,SEKER,train
8026,SIRA,train
4492,CALI,train
11759,DERMASON,train
142,SEKER,train
7104,HOROZ,train
7008,HOROZ,train
6438,HOROZ,train
5460,CALI,train
9995,SIRA,train
3602,BOMBAY,train
11644,DERMASON,train
12057,DERMASON,train
7598,SIRA,train
12044,DERMASON,train
4493,CALI,train
13126,DERMASON,train
11619,DERMASON,train
2022,SEKER,train
1950,SEKER,train
7425,HOROZ,train
12817,DERMASON,train
6166,HOROZ,train
1014,SEKER,train
505,SEKER,train
13291,DERMASON,train
24,SEKER,train
5478,CALI,train
6576,HOROZ,train
8203,SIRA,train
4784,CALI,train
2163,BARBUNYA,train
13490,DERMASON,train
12310,DERMASON,train
10502,DERMASON,train
4849,CALI,train
11271,DERMASON,train
8752,SIRA,train
7127,HOROZ,train
79,SEKER,train
9737,SIRA,train
1388,SEKER,train
12915,DERMASON,train
10544,DERMASON,train
2932,BARBUNYA,train
999,SEKER,train
6485,HOROZ,train
6928,HOROZ,train
8166,SIRA,train
3258,BARBUNYA,train
5820,HOROZ,train
7388,HOROZ,train
2572,BARBUNYA,train
13184,DERMASON,train
1843,SEKER,train
7781,SIRA,train
3639,BOMBAY,train
8356,SIRA,train
10552,DERMASON,train
13114,DERMASON,train
7367,HOROZ,train
4689,CALI,train
5303,CALI,train
1091,SEKER,train
12121,DERMASON,train
4422,CALI,train
6585,HOROZ,train
11967,DERMASON,train
8867,SIRA,train
6902,HOROZ,train
4138,CALI,train
6199,HOROZ,train
409,SEKER,train
8874,SIRA,train
3420,BOMBAY,train
4480,CALI,train
13125,DERMASON,train
10706,DERMASON,train
11625,DERMASON,train
10106,DERMASON,train
3361,BOMBAY,train
9771,SIRA,train
11121,DERMASON,train
8789,SIRA,train
4006,CALI,train
6811,HOROZ,train
11895,DERMASON,train
9473,SIRA,train
5557,HOROZ,train
12178,DERMASON,train
1054,SEKER,train
367,SEKER,train
9944,SIRA,train
5779,HOROZ,train
6924,HOROZ,train
12391,DERMASON,train
4333,CALI,train
3696,BOMBAY,train
689,SEKER,train
10577,DERMASON,train
10762,DERMASON,train
221,SEKER,train
6325,HOROZ,train
3885,CALI,train
11244,DERMASON,train
2852,BARBUNYA,train
11932,DERMASON,train
1154,SEKER,train
11415,DERMASON,train
4636,CALI,train
8543,SIRA,train
897,SEKER,train
10399,DERMASON,train
2113,BARBUNYA,train
3190,BARBUNYA,train
13153,DERMASON,train
11030,DERMASON,train
12078,DERMASON,train
549,SEKER,train
6361,HOROZ,train
5729,HOROZ,train
8368,SIRA,train
11906,DERMASON,train
7446,SIRA,train
7842,SIRA,train
12869,DERMASON,train
4753,CALI,train
2440,BARBUNYA,train
12111,DERMASON,train
13101,DERMASON,train
8388,SIRA,train
6279,HOROZ,train
9387,SIRA,train
6855,HOROZ,train
11813,DERMASON,train
9935,SIRA,train
8219,SIRA,train
1550,SEKER,train
2052,BARBUNYA,train
2665,BARBUNYA,train
10494,DERMASON,train
12203,DERMASON,train
7133,HOROZ,train
1948,SEKER,train
1723,SEKER,train
12738,DERMASON,train
2318,BARBUNYA,train
8000,SIRA,train
13589,DERMASON,train
6705,HOROZ,train
7311,HOROZ,train
5642,HOROZ,train
7512,SIRA,train
2127,BARBUNYA,train
3339,BARBUNYA,train
12085,DERMASON,train
612,SEKER,train
12784,DERMASON,train
10159,DERMASON,train
5119,CALI,train
12343,DERMASON,train
9570,SIRA,train
11136,DERMASON,train
8862,SIRA,train
346,SEKER,train
8150,SIRA,train
9101,SIRA,train
3270,BARBUNYA,train
3381,BOMBAY,train
9199,SIRA,train
2389,BARBUNYA,train
11258,DERMASON,train
5646,HOROZ,train
636,SEKER,train
9754,SIRA,train
3346,BARBUNYA,train
2297,BARBUNYA,train
12822,DERMASON,train
7647,SIRA,train
5794,HOROZ,train
1869,SEKER,train
9295,SIRA,train
9855,SIRA,train
3288,BARBUNYA,train
3174,BARBUNYA,train
1001,SEKER,train
77,SEKER,train
12082,DERMASON,train
408,SEKER,train
9854,SIRA,train
9650,SIRA,train
6918,HOROZ,train
5470,CALI,train
11749,DERMASON,train
2765,BARBUNYA,train
12176,DERMASON,train
2200,BARBUNYA,train
10198,DERMASON,train
8823,SIRA,train
662,SEKER,train
7429,SIRA,train
12109,DERMASON,train
9621,SIRA,train
4144,CALI,train
8650,SIRA,train
11838,DERMASON,train
541,SEKER,train
9408,SIRA,train
11926,DERMASON,train
13078,DERMASON,train
5671,HOROZ,train
1203,SEKER,train
4846,CALI,train
8031,SIRA,train
8239,SIRA,train
1430,SEKER,train
5423,CALI,train
8148,SIRA,train
4193,CALI,train
5223,CALI,train
9519,SIRA,train
9266,SIRA,train
9623,SIRA,train
1301,SEKER,train
4318,CALI,train
6805,HOROZ,train
5051,CALI,train
2352,BARBUNYA,train
2245,BARBUNYA,train
11928,DERMASON,train
3888,CALI,train
3633,BOMBAY,train
8280,SIRA,train
9436,SIRA,train
5258,CALI,train
9076,SIRA,train
3801,BOMBAY,train
829,SEKER,train
2336,BARBUNYA,train
13223,DERMASON,train
7949,SIRA,train
11449,DERMASON,train
924,SEKER,train
772,SEKER,train
5378,CALI,train
8792,SIRA,train
11890,DERMASON,train
3368,BOMBAY,train
8301,SIRA,train
13113,DERMASON,train
6625,HOROZ,train
8603,SIRA,train
1257,SEKER,train
10470,DERMASON,train
1056,SEKER,train
13415,DERMASON,train
3774,BOMBAY,train
11661,DERMASON,train
5980,HOROZ,train
10392,DERMASON,train
4819,CALI,train
12799,DERMASON,train
12304,DERMASON,train
2641,BARBUNYA,train
12847,DERMASON,train
2585,BARBUNYA,train
11182,DERMASON,train
7431,SIRA,train
13417,DERMASON,train
751,SEKER,train
1421,SEKER,train
7265,HOROZ,train
9336,SIRA,train
6322,HOROZ,train
8808,SIRA,train
7473,SIRA,train
7435,SIRA,train
1804,SEKER,train
4860,CALI,train
13403,DERMASON,train
5029,CALI,train
5947,HOROZ,train
5926,HOROZ,train
4286,CALI,train
2206,BARBUNYA,train
11514,DERMASON,train
3805,BOMBAY,train
9104,SIRA,train
1556,SEKER,train
9590,SIRA,train
12008,DERMASON,train
9804,SIRA,train
1260,SEKER,train
6554,HOROZ,train
1399,SEKER,train
8438,SIRA,train
5860,HOROZ,train
7522,SIRA,train
12410,DERMASON,train
10647,DERMASON,train
1286,SEKER,train
506,SEKER,train
3155,BARBUNYA,train
10591,DERMASON,train
11388,DERMASON,train
7773,SIRA,train
4898,CALI,train
4253,CALI,train
12637,DERMASON,train
11023,DERMASON,train
2606,BARBUNYA,train
9223,SIRA,train
7147,HOROZ,train
8779,SIRA,train
12748,DERMASON,train
10244,DERMASON,train
139,SEKER,train
3854,BOMBAY,train
4678,CALI,train
2819,BARBUNYA,train
9250,SIRA,train
5754,HOROZ,train
9790,SIRA,train
5280,CALI,train
13171,DERMASON,train
7143,HOROZ,train
399,SEKER,train
6353,HOROZ,train
5385,CALI,train
10282,DERMASON,train
1319,SEKER,train
2541,BARBUNYA,train
9773,SIRA,train
1530,SEKER,train
5285,CALI,train
12369,DERMASON,train
11427,DERMASON,train
12870,DERMASON,train
2415,BARBUNYA,train
6575,HOROZ,train
4103,CALI,train
9738,SIRA,train
5310,CALI,train
6327,HOROZ,train
13333,DERMASON,train
11219,DERMASON,train
2612,BARBUNYA,train
7582,SIRA,train
4192,CALI,train
10450,DERMASON,train
2018,SEKER,train
4704,CALI,train
9701,SIRA,train
6605,HOROZ,train
6258,HOROZ,train
10775,DERMASON,train
13382,DERMASON,train
883,SEKER,train
7023,HOROZ,train
12871,DERMASON,train
4320,CALI,train
12557,DERMASON,train
6792,HOROZ,train
5445,CALI,train
6838,HOROZ,train
4506,CALI,train
6134,HOROZ,train
696,SEKER,train
4302,CALI,train
1046,SEKER,train
3841,BOMBAY,train
12574,DERMASON,train
6316,HOROZ,train
3325,BARBUNYA,train
6594,HOROZ,train
629,SEKER,train
11628,DERMASON,train
8633,SIRA,train
2137,BARBUNYA,train
10508,DERMASON,train
1743,SEKER,train
936,SEKER,train
10040,SIRA,train
12172,DERMASON,train
10041,SIRA,train
2078,BARBUNYA,train
7750,SIRA,train
10835,DERMASON,train
3243,BARBUNYA,train
4118,CALI,train
473,SEKER,train
8826,SIRA,train
12264,DERMASON,train
5688,HOROZ,train
3348,BARBUNYA,train
7046,HOROZ,train
7376,HOROZ,train
13474,DERMASON,train
3786,BOMBAY,train
11515,DERMASON,train
1197,SEKER,train
9008,SIRA,train
3784,BOMBAY,train
817,SEKER,train
3414,BOMBAY,train
3969,CALI,train
8236,SIRA,train
7421,HOROZ,train
8315,SIRA,train
237,SEKER,train
5590,HOROZ,train
5273,CALI,train
3637,BOMBAY,train
12995,DERMASON,train
11527,DERMASON,train
13087,DERMASON,train
13483,DERMASON,train
2703,BARBUNYA,train
12694,DERMASON,train
6753,HOROZ,train
5627,HOROZ,train
5193,CALI,train
7822,SIRA,train
13163,DERMASON,train
7544,SIRA,train
7088,HOROZ,train
10445,DERMASON,train
9812,SIRA,train
906,SEKER,train
1397,SEKER,train
1833,SEKER,train
7138,HOROZ,train
10901,DERMASON,train
2917,BARBUNYA,train
3625,BOMBAY,train
2735,BARBUNYA,train
3864,BOMBAY,train
3281,BARBUNYA,train
10101,DERMASON,train
7667,SIRA,train
5448,CALI,train
11569,DERMASON,train
10076,DERMASON,train
4764,CALI,train
8876,SIRA,train
11573,DERMASON,train
189,SEKER,train
3205,BARBUNYA,train
5788,HOROZ,train
3527,BOMBAY,train
11951,DERMASON,train
1764,SEKER,train
4591,CALI,train
7471,SIRA,train
12430,DERMASON,train
2162,BARBUNYA,train
9728,SIRA,train
5802,HOROZ,train
7380,HOROZ,train
3013,BARBUNYA,train
7814,SIRA,train
12352,DERMASON,train
1042,SEKER,train
13143,DERMASON,train
3596,BOMBAY,train
10232,DERMASON,train
6303,HOROZ,train
348,SEKER,train
10874,DERMASON,train
1981,SEKER,train
2744,BARBUNYA,train
10855,DERMASON,train
887,SEKER,train
10575,DERMASON,train
3942,CALI,train
12876,DERMASON,train
1306,SEKER,train
2498,BARBUNYA,train
73,SEKER,train
6177,HOROZ,train
3057,BARBUNYA,train
12190,DERMASON,train
3736,BOMBAY,train
9904,SIRA,train
1481,SEKER,train
522,SEKER,train
328,SEKER,train
2779,BARBUNYA,train
5025,CALI,train
11533,DERMASON,train
11682,DERMASON,train
12573,DERMASON,train
9081,SIRA,train
12509,DERMASON,train
6075,HOROZ,train
354,SEKER,train
6495,HOROZ,train
2884,BARBUNYA,train
4089,CALI,train
13206,DERMASON,train
107,SEKER,train
881,SEKER,train
411,SEKER,train
4990,CALI,train
12807,DERMASON,train
2517,BARBUNYA,train
9786,SIRA,train
10330,DERMASON,train
11140,DERMASON,train
8440,SIRA,train
13461,DERMASON,train
10060,SIRA,train
1516,SEKER,train
5457,CALI,train
8579,SIRA,train
66,SEKER,train
5900,HOROZ,train
4343,CALI,train
10496,DERMASON,train
5028,CALI,train
11363,DERMASON,train
655,SEKER,train
945,SEKER,train
7680,SIRA,train
8105,SIRA,train
13328,DERMASON,train
5489,CALI,train
11937,DERMASON,train
11330,DERMASON,train
4777,CALI,train
7766,SIRA,train
8437,SIRA,train
6125,HOROZ,train
7621,SIRA,train
4402,CALI,train
12481,DERMASON,train
6517,HOROZ,train
8107,SIRA,train
3333,BARBUNYA,train
2989,BARBUNYA,train
9710,SIRA,train
1990,SEKER,train
6871,HOROZ,train
272,SEKER,train
9752,SIRA,train
4080,CALI,train
3034,BARBUNYA,train
7406,HOROZ,train
6752,HOROZ,train
11284,DERMASON,train
6338,HOROZ,train
12507,DERMASON,train
2069,BARBUNYA,train
2453,BARBUNYA,train
4797,CALI,train
8956,SIRA,train
8132,SIRA,train
6731,HOROZ,train
6666,HOROZ,train
111,SEKER,train
8921,SIRA,train
10946,DERMASON,train
8525,SIRA,train
12478,DERMASON,train
13355,DERMASON,train
9802,SIRA,train
771,SEKER,train
7007,HOROZ,train
10412,DERMASON,train
7239,HOROZ,train
4870,CALI,train
8677,SIRA,train
4886,CALI,train
137,SEKER,train
13173,DERMASON,train
2244,BARBUNYA,train
11179,DERMASON,train
11658,DERMASON,train
12271,DERMASON,train
11907,DERMASON,train
8133,SIRA,train
11255,DERMASON,train
13231,DERMASON,train
13157,DERMASON,train
11401,DERMASON,train
1498,SEKER,train
12956,DERMASON,train
11288,DERMASON,train
3759,BOMBAY,train
4647,CALI,train
8349,SIRA,train
1933,SEKER,train
5085,CALI,train
10397,DERMASON,train
1004,SEKER,train
5737,HOROZ,train
11190,DERMASON,train
13391,DERMASON,train
9923,SIRA,train
8455,SIRA,train
1211,SEKER,train
2115,BARBUNYA,train
11043,DERMASON,train
9932,SIRA,train
4258,CALI,train
11790,DERMASON,train
5118,CALI,train
11936,DERMASON,train
3902,CALI,train
8980,SIRA,train
9255,SIRA,train
9606,SIRA,train
1954,SEKER,train
6701,HOROZ,train
85,SEKER,train
3669,BOMBAY,train
9993,SIRA,train
12690,DERMASON,train
5003,CALI,train
2398,BARBUNYA,train
1622,SEKER,train
106,SEKER,train
3580,BOMBAY,train
7807,SIRA,train
6960,HOROZ,train
4456,CALI,train
2951,BARBUNYA,train
10006,SIRA,train
5616,HOROZ,train
7765,SIRA,train
9388,SIRA,train
8960,SIRA,train
7102,HOROZ,train
6082,HOROZ,train
8743,SIRA,train
6613,HOROZ,train
4294,CALI,train
11111,DERMASON,train
3017,BARBUNYA,train
6011,HOROZ,train
8504,SIRA,train
7082,HOROZ,train
3424,BOMBAY,train
13014,DERMASON,train
4638,CALI,train
2508,BARBUNYA,train
10255,DERMASON,train
7880,SIRA,train
12156,DERMASON,train
47,SEKER,train
10929,DERMASON,train
1442,SEKER,train
8671,SIRA,train
6804,HOROZ,train
12629,DERMASON,train
12382,DERMASON,train
478,SEKER,train
10497,DERMASON,train
1461,SEKER,train
1002,SEKER,train
13012,DERMASON,train
6242,HOROZ,train
5367,CALI,train
5989,HOROZ,train
3975,CALI,train
12965,DERMASON,train
3685,BOMBAY,train
9492,SIRA,train
5288,CALI,train
7317,HOROZ,train
1244,SEKER,train
432,SEKER,train
6791,HOROZ,train
1453,SEKER,train
4568,CALI,train
4617,CALI,train
6516,HOROZ,train
10317,DERMASON,train
2096,BARBUNYA,train
5753,HOROZ,train
11954,DERMASON,train
2563,BARBUNYA,train
10763,DERMASON,train
3957,CALI,train
11931,DERMASON,train
2930,BARBUNYA,train
2123,BARBUNYA,train
5755,HOROZ,train
9547,SIRA,train
10872,DERMASON,train
9755,SIRA,train
7628,SIRA,train
6095,HOROZ,train
833,SEKER,train
8409,SIRA,train
2003,SEKER,train
4265,CALI,train
1662,SEKER,train
6680,HOROZ,train
1689,SEKER,train
9378,SIRA,train
12984,DERMASON,train
12285,DERMASON,train
1327,SEKER,train
7384,HOROZ,train
3045,BARBUNYA,train
6332,HOROZ,train
5738,HOROZ,train
10519,DERMASON,train
11157,DERMASON,train
13345,DERMASON,train
2288,BARBUNYA,train
4672,CALI,train
10797,DERMASON,train
11462,DERMASON,train
8554,SIRA,train
6064,HOROZ,train
1204,SEKER,train
8161,SIRA,train
208,SEKER,train
10533,DERMASON,train
632,SEKER,train
12020,DERMASON,train
11389,DERMASON,train
10821,DERMASON,train
4843,CALI,train
6512,HOROZ,train
3545,BOMBAY,train
8310,SIRA,train
12812,DERMASON,train
2469,BARBUNYA,train
12835,DERMASON,train
1538,SEKER,train
9893,SIRA,train
2202,BARBUNYA,train
9275,SIRA,train
11650,DERMASON,train
1747,SEKER,train
9300,SIRA,train
11103,DERMASON,train
4354,CALI,train
6853,HOROZ,train
4613,CALI,train
942,SEKER,train
5146,CALI,train
1134,SEKER,train
10071,DERMASON,train
3262,BARBUNYA,train
2056,BARBUNYA,train
9317,SIRA,train
4743,CALI,train
9440,SIRA,train
7634,SIRA,train
894,SEKER,train
4166,CALI,train
9565,SIRA,train
5269,CALI,train
2220,BARBUNYA,train
2475,BARBUNYA,train
7723,SIRA,train
8337,SIRA,train
13064,DERMASON,train
3487,BOMBAY,train
7024,HOROZ,train
1501,SEKER,train
7853,SIRA,train
9198,SIRA,train
5339,CALI,train
2432,BARBUNYA,train
8844,SIRA,train
11953,DERMASON,train
12757,DERMASON,train
3279,BARBUNYA,train
13371,DERMASON,train
7443,SIRA,train
3831,BOMBAY,train
2782,BARBUNYA,train
8534,SIRA,train
11799,DERMASON,train
5833,HOROZ,train
12229,DERMASON,train
2172,BARBUNYA,train
4109,CALI,train
2477,BARBUNYA,train
6124,HOROZ,train
3510,BOMBAY,train
5678,HOROZ,train
4266,CALI,train
13437,DERMASON,train
10138,DERMASON,train
1938,SEKER,train
6490,HOROZ,train
11963,DERMASON,train
2075,BARBUNYA,train
9097,SIRA,train
12586,DERMASON,train
9052,SIRA,train
5075,CALI,train
6704,HOROZ,train
8385,SIRA,train
8467,SIRA,train
7820,SIRA,train
3693,BOMBAY,train
10688,DERMASON,train
13,SEKER,validation
13557,DERMASON,validation
8068,SIRA,validation
1289,SEKER,validation
1840,SEKER,validation
7176,HOROZ,validation
1566,SEKER,validation
11606,DERMASON,validation
10625,DERMASON,validation
10135,DERMASON,validation
12115,DERMASON,validation
13156,DERMASON,validation
13360,DERMASON,validation
7271,HOROZ,validation
8644,SIRA,validation
1738,SEKER,validation
8285,SIRA,validation
6633,HOROZ,validation
2490,BARBUNYA,validation
12278,DERMASON,validation
1866,SEKER,validation
10809,DERMASON,validation
1982,SEKER,validation
13431,DERMASON,validation
13037,DERMASON,validation
4068,CALI,validation
12520,DERMASON,validation
8010,SIRA,validation
2079,BARBUNYA,validation
8686,SIRA,validation
8541,SIRA,validation
10861,DERMASON,validation
6204,HOROZ,validation
2012,SEKER,validation
7100,HOROZ,validation
5641,HOROZ,validation
6708,HOROZ,validation
6926,HOROZ,validation
6573,HOROZ,validation
6097,HOROZ,validation
12105,DERMASON,validation
7343,HOROZ,validation
4205,CALI,validation
10840,DERMASON,validation
2181,BARBUNYA,validation
3140,BARBUNYA,validation
2414,BARBUNYA,validation
9908,SIRA,validation
3943,CALI,validation
6866,HOROZ,validation
11807,DERMASON,validation
11745,DERMASON,validation
12022,DERMASON,validation
8377,SIRA,validation
10164,DERMASON,validation
8648,SIRA,validation
4542,CALI,validation
6589,HOROZ,validation
1080,SEKER,validation
5380,CALI,validation
955,SEKER,validation
3725,BOMBAY,validation
12860,DERMASON,validation
3316,BARBUNYA,validation
9719,SIRA,validation
7758,SIRA,validation
7868,SIRA,validation
597,SEKER,validation
5719,HOROZ,validation
11912,DERMASON,validation
6428,HOROZ,validation
4732,CALI,validation
4348,CALI,validation
1557,SEKER,validation
10665,DERMASON,validation
1152,SEKER,validation
13567,DERMASON,validation
11371,DERMASON,validation
10959,DERMASON,validation
1405,SEKER,validation
3066,BARBUNYA,validation
1963,SEKER,validation
2430,BARBUNYA,validation
4325,CALI,validation
875,SEKER,validation
11758,DERMASON,validation
6718,HOROZ,validation
2418,BARBUNYA,validation
5949,HOROZ,validation
3575,BOMBAY,validation
7803,SIRA,validation
7521,SIRA,validation
4906,CALI,validation
12433,DERMASON,validation
3489,BOMBAY,validation
10887,DERMASON,validation
2043,BARBUNYA,validation
4243,CALI,validation
1449,SEKER,validation
7938,SIRA,validation
919,SEKER,validation
13499,DERMASON,validation
12158,DERMASON,validation
2497,BARBUNYA,validation
3869,BOMBAY,validation
9661,SIRA,validation
12720,DERMASON,validation
12445,DERMASON,validation
961,SEKER,validation
5993,HOROZ,validation
10107,DERMASON,validation
2347,BARBUNYA,validation
3762,BOMBAY,validation
10557,DERMASON,validation
154,SEKER,validation
3152,BARBUNYA,validation
2934,BARBUNYA,validation
3122,BARBUNYA,validation
5937,HOROZ,validation
599,SEKER,validation
3595,BOMBAY,validation
11094,DERMASON,validation
12502,DERMASON,validation
13454,DERMASON,validation
11782,DERMASON,validation
1704,SEKER,validation
1346,SEKER,validation
298,SEKER,validation
12810,DERMASON,validation
2272,BARBUNYA,validation
975,SEKER,validation
4914,CALI,validation
5799,HOROZ,validation
13035,DERMASON,validation
8231,SIRA,validation
1564,SEKER,validation
9680,SIRA,validation
1714,SEKER,validation
2977,BARBUNYA,validation
5052,CALI,validation
9208,SIRA,validation
8063,SIRA,validation
5901,HOROZ,validation
149,SEKER,validation
7301,HOROZ,validation
11232,DERMASON,validation
4021,CALI,validation
7693,SIRA,validation
7525,SIRA,validation
7559,SIRA,validation
5923,HOROZ,validation
8760,SIRA,validation
11402,DERMASON,validation
6669,HOROZ,validation
12033,DERMASON,validation
13253,DERMASON,validation
13045,DERMASON,validation
11617,DERMASON,validation
6822,HOROZ,validation
11276,DERMASON,validation
965,SEKER,validation
2536,BARBUNYA,validation
11694,DERMASON,validation
4664,CALI,validation
3290,BARBUNYA,validation
13582,DERMASON,validation
4423,CALI,validation
175,SEKER,validation
6835,HOROZ,validation
4429,CALI,validation
7330,HOROZ,validation
4839,CALI,validation
1094,SEKER,validation
3047,BARBUNYA,validation
6223,HOROZ,validation
1016,SEKER,validation
5547,HOROZ,validation
4448,CALI,validation
13065,DERMASON,validation
2002,SEKER,validation
12090,DERMASON,validation
4535,CALI,validation
7636,SIRA,validation
7903,SIRA,validation
8185,SIRA,validation
1045,SEKER,validation
6317,HOROZ,validation
2008,SEKER,validation
8606,SIRA,validation
8925,SIRA,validation
10587,DERMASON,validation
310,SEKER,validation
2730,BARBUNYA,validation
4850,CALI,validation
8414,SIRA,validation
9895,SIRA,validation
1644,SEKER,validation
4459,CALI,validation
3563,BOMBAY,validation
2328,BARBUNYA,validation
9475,SIRA,validation
11581,DERMASON,validation
4810,CALI,validation
9807,SIRA,validation
13519,DERMASON,validation
4978,CALI,validation
3739,BOMBAY,validation
748,SEKER,validation
1490,SEKER,validation
544,SEKER,validation
3211,BARBUNYA,validation
13210,DERMASON,validation
3263,BARBUNYA,validation
3192,BARBUNYA,validation
11602,DERMASON,validation
11457,DERMASON,validation
2591,BARBUNYA,validation
10231,DERMASON,validation
9704,SIRA,validation
11502,DERMASON,validation
8483,SIRA,validation
7509,SIRA,validation
783,SEKER,validation
1907,SEKER,validation
4484,CALI,validation
5660,HOROZ,validation
584,SEKER,validation
8162,SIRA,validation
5411,CALI,validation
313,SEKER,validation
7494,SIRA,validation
3373,BOMBAY,validation
316,SEKER,validation
9283,SIRA,validation
768,SEKER,validation
5230,CALI,validation
10256,DERMASON,validation
4705,CALI,validation
837,SEKER,validation
4056,CALI,validation
5257,CALI,validation
6015,HOROZ,validation
2619,BARBUNYA,validation
13432,DERMASON,validation
11428,DERMASON,validation
8442,SIRA,validation
8060,SIRA,validation
9912,SIRA,validation
4539,CALI,validation
6894,HOROZ,validation
2434,BARBUNYA,validation
140,SEKER,validation
8567,SIRA,validation
2923,BARBUNYA,validation
5322,CALI,validation
10708,DERMASON,validation
2486,BARBUNYA,validation
8806,SIRA,validation
6936,HOROZ,validation
3734,BOMBAY,validation
7146,HOROZ,validation
8190,SIRA,validation
138,SEKER,validation
1069,SEKER,validation
9882,SIRA,validation
1153,SEKER,validation
3124,BARBUNYA,validation
4391,CALI,validation
8460,SIRA,validation
7139,HOROZ,validation
8889,SIRA,validation
11110,DERMASON,validation
809,SEKER,validation
11446,DERMASON,validation
6269,HOROZ,validation
8660,SIRA,validation
764,SEKER,validation
9518,SIRA,validation
4381,CALI,validation
3678,BOMBAY,validation
10755,DERMASON,validation
7603,SIRA,validation
4581,CALI,validation
9913,SIRA,validation
12534,DERMASON,validation
13036,DERMASON,validation
12205,DERMASON,validation
2767,BARBUNYA,validation
5178,CALI,validation
11903,DERMASON,validation
10062,SIRA,validation
1496,SEKER,validation
12991,DERMASON,validation
8212,SIRA,validation
7720,SIRA,validation
2129,BARBUNYA,validation
5655,HOROZ,validation
9307,SIRA,validation
5628,HOROZ,validation
9875,SIRA,validation
6459,HOROZ,validation
10885,DERMASON,validation
11824,DERMASON,validation
4785,CALI,validation
13180,DERMASON,validation
314,SEKER,validation
3131,BARBUNYA,validation
2263,BARBUNYA,validation
788,SEKER,validation
3276,BARBUNYA,validation
5054,CALI,validation
1926,SEKER,validation
9558,SIRA,validation
12307,DERMASON,validation
8816,SIRA,validation
7099,HOROZ,validation
4464,CALI,validation
11249,DERMASON,validation
9979,SIRA,validation
4574,CALI,validation
13226,DERMASON,validation
6389,HOROZ,validation
8213,SIRA,validation
10180,DERMASON,validation
12162,DERMASON,validation
4173,CALI,validation
12165,DERMASON,validation
2867,BARBUNYA,validation
9729,SIRA,validation
6828,HOROZ,validation
12024,DERMASON,validation
13445,DERMASON,validation
1360,SEKER,validation
2529,BARBUNYA,validation
5707,HOROZ,validation
11662,DERMASON,validation
498,SEKER,validation
12803,DERMASON,validation
1725,SEKER,validation
701,SEKER,validation
4213,CALI,validation
5933,HOROZ,validation
722,SEKER,validation
6069,HOROZ,validation
3749,BOMBAY,validation
4446,CALI,validation
4698,CALI,validation
2858,BARBUNYA,validation
8594,SIRA,validation
10277,DERMASON,validation
10074,DERMASON,validation
10559,DERMASON,validation
1729,SEKER,validation
11211,DERMASON,validation
13559,DERMASON,validation
7978,SIRA,validation
7630,SIRA,validation
11556,DERMASON,validation
9234,SIRA,validation
1874,SEKER,validation
12143,DERMASON,validation
6244,HOROZ,validation
6505,HOROZ,validation
529,SEKER,validation
8486,SIRA,validation
2519,BARBUNYA,validation
3170,BARBUNYA,validation
4011,CALI,validation
11452,DERMASON,validation
11637,DERMASON,validation
13063,DERMASON,validation
6447,HOROZ,validation
12983,DERMASON,validation
3989,CALI,validation
1720,SEKER,validation
8985,SIRA,validation
8487,SIRA,validation
1876,SEKER,validation
4871,CALI,validation
8020,SIRA,validation
7019,HOROZ,validation
5192,CALI,validation
8098,SIRA,validation
12186,DERMASON,validation
10315,DERMASON,validation
5885,HOROZ,validation
6399,HOROZ,validation
1382,SEKER,validation
2289,BARBUNYA,validation
12806,DERMASON,validation
6825,HOROZ,validation
5592,HOROZ,validation
6025,HOROZ,validation
5353,CALI,validation
5527,HOROZ,validation
4460,CALI,validation
10739,DERMASON,validation
7635,SIRA,validation
2551,BARBUNYA,validation
2776,BARBUNYA,validation
4887,CALI,validation
10915,DERMASON,validation
6431,HOROZ,validation
12569,DERMASON,validation
11141,DERMASON,validation
13421,DERMASON,validation
2857,BARBUNYA,validation
8997,SIRA,validation
12450,DERMASON,validation
12011,DERMASON,validation
10866,DERMASON,validation
13361,DERMASON,validation
2222,BARBUNYA,validation
7735,SIRA,validation
3672,BOMBAY,validation
4035,CALI,validation
11668,DERMASON,validation
13103,DERMASON,validation
10773,DERMASON,validation
908,SEKER,validation
1606,SEKER,validation
5002,CALI,validation
4188,CALI,validation
6829,HOROZ,validation
3228,BARBUNYA,validation
5835,HOROZ,validation
2130,BARBUNYA,validation
12562,DERMASON,validation
5228,CALI,validation
12436,DERMASON,validation
8916,SIRA,validation
10698,DERMASON,validation
12814,DERMASON,validation
6193,HOROZ,validation
8069,SIRA,validation
1612,SEKER,validation
4543,CALI,validation
13068,DERMASON,validation
7906,SIRA,validation
13248,DERMASON,validation
109,SEKER,validation
6893,HOROZ,validation
2940,BARBUNYA,validation
2904,BARBUNYA,validation
8446,SIRA,validation
11298,DERMASON,validation
1988,SEKER,validation
7920,SIRA,validation
10585,DERMASON,validation
6165,HOROZ,validation
7968,SIRA,validation
10754,DERMASON,validation
12439,DERMASON,validation
4383,CALI,validation
8587,SIRA,validation
10881,DERMASON,validation
2169,BARBUNYA,validation
11648,DERMASON,validation
1035,SEKER,validation
7975,SIRA,validation
1726,SEKER,validation
4198,CALI,validation
7843,SIRA,validation
956,SEKER,validation
6958,HOROZ,validation
4762,CALI,validation
10182,DERMASON,validation
13160,DERMASON,validation
9089,SIRA,validation
916,SEKER,validation
9512,SIRA,validation
5789,HOROZ,validation
596,SEKER,validation
5275,CALI,validation
7818,SIRA,validation
11844,DERMASON,validation
931,SEKER,validation
1721,SEKER,validation
5768,HOROZ,validation
5887,HOROZ,validation
8319,SIRA,validation
7985,SIRA,validation
7925,SIRA,validation
9247,SIRA,validation
9073,SIRA,validation
2539,BARBUNYA,validation
8305,SIRA,validation
10374,DERMASON,validation
7368,HOROZ,validation
5824,HOROZ,validation
8939,SIRA,validation
10725,DERMASON,validation
6716,HOROZ,validation
3835,BOMBAY,validation
13375,DERMASON,validation
2590,BARBUNYA,validation
13337,DERMASON,validation
4400,CALI,validation
1276,SEKER,validation
10151,DERMASON,validation
3237,BARBUNYA,validation
12091,DERMASON,validation
799,SEKER,validation
7871,SIRA,validation
267,SEKER,validation
8054,SIRA,validation
6672,HOROZ,validation
5055,CALI,validation
4606,CALI,validation
10790,DERMASON,validation
4087,CALI,validation
11702,DERMASON,validation
9535,SIRA,validation
9909,SIRA,validation
11227,DERMASON,validation
5072,CALI,validation
3355,BOMBAY,validation
5744,HOROZ,validation
6735,HOROZ,validation
7892,SIRA,validation
9337,SIRA,validation
11038,DERMASON,validation
13301,DERMASON,validation
3617,BOMBAY,validation
6135,HOROZ,validation
13406,DERMASON,validation
6943,HOROZ,validation
2817,BARBUNYA,validation
10391,DERMASON,validation
1102,SEKER,validation
547,SEKER,validation
4708,CALI,validation
10354,DERMASON,validation
6795,HOROZ,validation
1670,SEKER,validation
7390,HOROZ,validation
7119,HOROZ,validation
7991,SIRA,validation
11028,DERMASON,validation
8837,SIRA,validation
3745,BOMBAY,validation
9227,SIRA,validation
4712,CALI,validation
11088,DERMASON,validation
1304,SEKER,validation
2148,BARBUNYA,validation
474,SEKER,validation
48,SEKER,validation
355,SEKER,validation
10974,DERMASON,validation
10272,DERMASON,validation
1226,SEKER,validation
9505,SIRA,validation
13302,DERMASON,validation
3747,BOMBAY,validation
292,SEKER,validation
820,SEKER,validation
4616,CALI,validation
6987,HOROZ,validation
9056,SIRA,validation
2659,BARBUNYA,validation
7214,HOROZ,validation
1151,SEKER,validation
4876,CALI,validation
5497,CALI,validation
11968,DERMASON,validation
12053,DERMASON,validation
9377,SIRA,validation
1188,SEKER,validation
5908,HOROZ,validation
7618,SIRA,validation
480,SEKER,validation
10939,DERMASON,validation
4714,CALI,validation
9645,SIRA,validation
6017,HOROZ,validation
9772,SIRA,validation
11064,DERMASON,validation
10606,DERMASON,validation
10211,DERMASON,validation
5712,HOROZ,validation
12161,DERMASON,validation
6816,HOROZ,validation
2295,BARBUNYA,validation
7044,HOROZ,validation
4451,CALI,validation
6333,HOROZ,validation
2118,BARBUNYA,validation
5464,CALI,validation
13129,DERMASON,validation
10377,DERMASON,validation
3920,CALI,validation
7052,HOROZ,validation
1223,SEKER,validation
5750,HOROZ,validation
9329,SIRA,validation
3177,BARBUNYA,validation
2280,BARBUNYA,validation
12868,DERMASON,validation
8496,SIRA,validation
1089,SEKER,validation
702,SEKER,validation
7355,HOROZ,validation
252,SEKER,validation
3179,BARBUNYA,validation
1623,SEKER,validation
3138,BARBUNYA,validation
10633,DERMASON,validation
9921,SIRA,validation
465,SEKER,validation
7810,SIRA,validation
7731,SIRA,validation
325,SEKER,validation
10168,DERMASON,validation
13472,DERMASON,validation
3937,CALI,validation
4970,CALI,validation
7896,SIRA,validation
1395,SEKER,validation
2143,BARBUNYA,validation
11689,DERMASON,validation
7931,SIRA,validation
6123,HOROZ,validation
1439,SEKER,validation
5361,CALI,validation
2040,BARBUNYA,validation
4491,CALI,validation
1890,SEKER,validation
12103,DERMASON,validation
5256,CALI,validation
3086,BARBUNYA,validation
13442,DERMASON,validation
741,SEKER,validation
11529,DERMASON,validation
3984,CALI,validation
4671,CALI,validation
8811,SIRA,validation
6109,HOROZ,validation
4818,CALI,validation
11842,DERMASON,validation
6644,HOROZ,validation
6321,HOROZ,validation
5797,HOROZ,validation
996,SEKER,validation
3839,BOMBAY,validation
1535,SEKER,validation
2714,BARBUNYA,validation
4387,CALI,validation
13107,DERMASON,validation
12989,DERMASON,validation
1585,SEKER,validation
11212,DERMASON,validation
2985,BARBUNYA,validation
3531,BOMBAY,validation
6052,HOROZ,validation
983,SEKER,validation
12401,DERMASON,validation
2666,BARBUNYA,validation
122,SEKER,validation
5079,CALI,validation
13477,DERMASON,validation
197,SEKER,validation
13218,DERMASON,validation
11611,DERMASON,validation
8094,SIRA,validation
9616,SIRA,validation
12961,DERMASON,validation
6910,HOROZ,validation
358,SEKER,validation
83,SEKER,validation
10696,DERMASON,validation
8400,SIRA,validation
453,SEKER,validation
9100,SIRA,validation
448,SEKER,validation
12223,DERMASON,validation
385,SEKER,validation
3337,BARBUNYA,validation
9398,SIRA,validation
10782,DERMASON,validation
7381,HOROZ,validation
9011,SIRA,validation
3577,BOMBAY,validation
9409,SIRA,validation
5898,HOROZ,validation
4194,CALI,validation
6300,HOROZ,validation
2777,BARBUNYA,validation
5254,CALI,validation
10279,DERMASON,validation
11787,DERMASON,validation
6375,HOROZ,validation
5408,CALI,validation
5528,HOROZ,validation
511,SEKER,validation
7732,SIRA,validation
12252,DERMASON,validation
12652,DERMASON,validation
437,SEKER,validation
778,SEKER,validation
6384,HOROZ,validation
11301,DERMASON,validation
7549,SIRA,validation
712,SEKER,validation
11426,DERMASON,validation
5151,CALI,validation
8863,SIRA,validation
13377,DERMASON,validation
3071,BARBUNYA,validation
2954,BARBUNYA,validation
1150,SEKER,validation
11534,DERMASON,validation
9146,SIRA,validation
7837,SIRA,validation
6602,HOROZ,validation
10645,DERMASON,validation
8129,SIRA,validation
11135,DERMASON,validation
8712,SIRA,validation
5501,HOROZ,validation
1985,SEKER,validation
4364,CALI,validation
8251,SIRA,validation
7305,HOROZ,validation
11641,DERMASON,validation
5608,HOROZ,validation
864,SEKER,validation
8632,SIRA,validation
4204,CALI,validation
11920,DERMASON,validation
10117,DERMASON,validation
5896,HOROZ,validation
6774,HOROZ,validation
1209,SEKER,validation
11686,DERMASON,validation
559,SEKER,validation
12296,DERMASON,validation
8909,SIRA,validation
12379,DERMASON,validation
6429,HOROZ,validation
6346,HOROZ,validation
2596,BARBUNYA,validation
9445,SIRA,validation
1417,SEKER,validation
13292,DERMASON,validation
2890,BARBUNYA,validation
11392,DERMASON,validation
2821,BARBUNYA,validation
269,SEKER,validation
4597,CALI,validation
12272,DERMASON,validation
5518,HOROZ,validation
5159,CALI,validation
8497,SIRA,validation
3891,CALI,validation
5120,CALI,validation
9974,SIRA,validation
10223,DERMASON,validation
4352,CALI,validation
1372,SEKER,validation
4231,CALI,validation
13204,DERMASON,validation
10580,DERMASON,validation
11037,DERMASON,validation
3421,BOMBAY,validation
2824,BARBUNYA,validation
5098,CALI,validation
8733,SIRA,validation
5999,HOROZ,validation
353,SEKER,validation
2905,BARBUNYA,validation
10784,DERMASON,validation
7227,HOROZ,validation
6820,HOROZ,validation
5967,HOROZ,validation
7672,SIRA,validation
11902,DERMASON,validation
832,SEKER,validation
11965,DERMASON,validation
12002,DERMASON,validation
1224,SEKER,validation
10549,DERMASON,validation
2683,BARBUNYA,validation
3826,BOMBAY,validation
7656,SIRA,validation
7662,SIRA,validation
1416,SEKER,validation
7747,SIRA,validation
3098,BARBUNYA,validation
2826,BARBUNYA,validation
6453,HOROZ,validation
8252,SIRA,validation
9560,SIRA,validation
4961,CALI,validation
9857,SIRA,validation
1443,SEKER,validation
4181,CALI,validation
868,SEKER,validation
12378,DERMASON,validation
1349,SEKER,validation
6665,HOROZ,validation
12671,DERMASON,validation
6112,HOROZ,validation
7205,HOROZ,validation
11101,DERMASON,validation
10993,DERMASON,validation
11761,DERMASON,validation
12980,DERMASON,validation
5928,HOROZ,validation
513,SEKER,validation
4842,CALI,validation
7989,SIRA,validation
551,SEKER,validation
4022,CALI,validation
5100,CALI,validation
12081,DERMASON,validation
11358,DERMASON,validation
12793,DERMASON,validation
10252,DERMASON,validation
3649,BOMBAY,validation
8593,SIRA,validation
12649,DERMASON,validation
11811,DERMASON,validation
4659,CALI,validation
3755,BOMBAY,validation
2396,BARBUNYA,validation
8006,SIRA,validation
804,SEKER,validation
10966,DERMASON,validation
470,SEKER,validation
3365,BOMBAY,validation
2228,BARBUNYA,validation
5708,HOROZ,validation
8030,SIRA,validation
5971,HOROZ,validation
3485,BOMBAY,validation
10176,DERMASON,validation
10321,DERMASON,validation
5572,HOROZ,validation
10046,SIRA,validation
7939,SIRA,validation
7751,SIRA,validation
12841,DERMASON,validation
3653,BOMBAY,validation
8351,SIRA,validation
4351,CALI,validation
3163,BARBUNYA,validation
11245,DERMASON,validation
3019,BARBUNYA,validation
9589,SIRA,validation
8447,SIRA,validation
10478,DERMASON,validation
10393,DERMASON,validation
445,SEKER,validation
7706,SIRA,validation
1937,SEKER,validation
971,SEKER,validation
7771,SIRA,validation
447,SEKER,validation
2690,BARBUNYA,validation
8266,SIRA,validation
9323,SIRA,validation
9702,SIRA,validation
7166,HOROZ,validation
12752,DERMASON,validation
3616,BOMBAY,validation
13587,DERMASON,validation
8075,SIRA,validation
9119,SIRA,validation
5766,HOROZ,validation
5467,CALI,validation
10604,DERMASON,validation
9469,SIRA,validation
1167,SEKER,validation
6693,HOROZ,validation
8036,SIRA,validation
4298,CALI,validation
228,SEKER,validation
6988,HOROZ,validation
6288,HOROZ,validation
5078,CALI,validation
9235,SIRA,validation
11197,DERMASON,validation
9363,SIRA,validation
11478,DERMASON,validation
6604,HOROZ,validation
10521,DERMASON,validation
8875,SIRA,validation
8011,SIRA,validation
9139,SIRA,validation
3207,BARBUNYA,validation
3494,BOMBAY,validation
3072,BARBUNYA,validation
4146,CALI,validation
3374,BOMBAY,validation
3272,BARBUNYA,validation
10582,DERMASON,validation
7867,SIRA,validation
3846,BOMBAY,validation
7190,HOROZ,validation
400,SEKER,validation
8199,SIRA,validation
11116,DERMASON,validation
3855,BOMBAY,validation
11832,DERMASON,validation
8308,SIRA,validation
7523,SIRA,validation
12710,DERMASON,validation
627,SEKER,validation
2047,BARBUNYA,validation
7671,SIRA,validation
8484,SIRA,validation
320,SEKER,validation
9019,SIRA,validation
6591,HOROZ,validation
4157,CALI,validation
12407,DERMASON,validation
6113,HOROZ,validation
5516,HOROZ,validation
13318,DERMASON,validation
4455,CALI,validation
5982,HOROZ,validation
9490,SIRA,validation
2710,BARBUNYA,validation
9687,SIRA,validation
3229,BARBUNYA,validation
7206,HOROZ,validation
4953,CALI,validation
10420,DERMASON,validation
1646,SEKER,validation
11181,DERMASON,validation
8548,SIRA,validation
13025,DERMASON,validation
1425,SEKER,validation
633,SEKER,validation
8165,SIRA,validation
2193,BARBUNYA,validation
6032,HOROZ,validation
12438,DERMASON,validation
5343,CALI,validation
9372,SIRA,validation
9188,SIRA,validation
12347,DERMASON,validation
4360,CALI,validation
11336,DERMASON,validation
5024,CALI,validation
11908,DERMASON,validation
13376,DERMASON,validation
2630,BARBUNYA,validation
6393,HOROZ,validation
9069,SIRA,validation
8200,SIRA,validation
4625,CALI,validation
7186,HOROZ,validation
5295,CALI,validation
3622,BOMBAY,validation
11381,DERMASON,validation
5953,HOROZ,validation
13274,DERMASON,validation
2713,BARBUNYA,validation
5190,CALI,validation
5350,CALI,validation
12889,DERMASON,validation
11817,DERMASON,validation
10226,DERMASON,validation
4206,CALI,validation
1960,SEKER,validation
10920,DERMASON,validation
4727,CALI,validation
2769,BARBUNYA,validation
9663,SIRA,validation
3362,BOMBAY,validation
10247,DERMASON,validation
11399,DERMASON,validation
9179,SIRA,validation
7948,SIRA,validation
6991,HOROZ,validation
4684,CALI,validation
10726,DERMASON,validation
7893,SIRA,validation
6465,HOROZ,validation
9945,SIRA,validation
13467,DERMASON,validation
6488,HOROZ,validation
699,SEKER,validation
1885,SEKER,validation
8433,SIRA,validation
1956,SEKER,validation
9092,SIRA,validation
7084,HOROZ,validation
4514,CALI,validation
7565,SIRA,validation
11949,DERMASON,validation
13110,DERMASON,validation
12985,DERMASON,validation
4781,CALI,validation
12735,DERMASON,validation
3046,BARBUNYA,validation
12216,DERMASON,validation
5166,CALI,validation
7591,SIRA,validation
10581,DERMASON,validation
3851,BOMBAY,validation
4901,CALI,validation
6506,HOROZ,validation
11429,DERMASON,validation
2161,BARBUNYA,validation
323,SEKER,validation
12970,DERMASON,validation
12790,DERMASON,validation
9002,SIRA,validation
8906,SIRA,validation
12948,DERMASON,validation
1986,SEKER,validation
1343,SEKER,validation
3157,BARBUNYA,validation
797,SEKER,validation
11095,DERMASON,validation
2682,BARBUNYA,validation
8186,SIRA,validation
12644,DERMASON,validation
4920,CALI,validation
12095,DERMASON,validation
7413,HOROZ,validation
6083,HOROZ,validation
11442,DERMASON,validation
12025,DERMASON,validation
1318,SEKER,validation
2342,BARBUNYA,validation
600,SEKER,validation
3184,BARBUNYA,validation
5521,HOROZ,validation
6765,HOROZ,validation
8071,SIRA,validation
3750,BOMBAY,validation
3264,BARBUNYA,validation
13609,DERMASON,validation
10454,DERMASON,validation
6422,HOROZ,validation
11972,DERMASON,validation
8303,SIRA,validation
7327,HOROZ,validation
3681,BOMBAY,validation
5274,CALI,validation
3233,BARBUNYA,validation
13597,DERMASON,validation
913,SEKER,validation
2987,BARBUNYA,validation
3623,BOMBAY,validation
13283,DERMASON,validation
5053,CALI,validation
4973,CALI,validation
3449,BOMBAY,validation
13321,DERMASON,validation
10749,DERMASON,validation
9156,SIRA,validation
9103,SIRA,validation
5279,CALI,validation
7290,HOROZ,validation
11562,DERMASON,validation
11707,DERMASON,validation
7882,SIRA,validation
7276,HOROZ,validation
12411,DERMASON,validation
11546,DERMASON,validation
10406,DERMASON,validation
7209,HOROZ,validation
6213,HOROZ,validation
13389,DERMASON,validation
3720,BOMBAY,validation
2067,BARBUNYA,validation
3002,BARBUNYA,validation
2668,BARBUNYA,validation
8330,SIRA,validation
6697,HOROZ,validation
11597,DERMASON,validation
3636,BOMBAY,validation
3906,CALI,validation
6639,HOROZ,validation
4863,CALI,validation
9074,SIRA,validation
2177,BARBUNYA,validation
2243,BARBUNYA,validation
11369,DERMASON,validation
9254,SIRA,validation
6588,HOROZ,validation
3043,BARBUNYA,validation
2729,BARBUNYA,validation
11279,DERMASON,validation
13486,DERMASON,validation
1911,SEKER,validation
9587,SIRA,validation
6881,HOROZ,validation
7040,HOROZ,validation
1029,SEKER,validation
12698,DERMASON,validation
12075,DERMASON,validation
9776,SIRA,validation
2046,BARBUNYA,validation
3998,CALI,validation
6284,HOROZ,validation
3428,BOMBAY,validation
11880,DERMASON,validation
8538,SIRA,validation
13501,DERMASON,validation
10643,DERMASON,validation
8539,SIRA,validation
10240,DERMASON,validation
7683,SIRA,validation
7795,SIRA,validation
5876,HOROZ,validation
8923,SIRA,validation
10262,DERMASON,validation
4983,CALI,validation
5852,HOROZ,validation
1648,SEKER,validation
7708,SIRA,validation
10395,DERMASON,validation
7233,HOROZ,validation
6907,HOROZ,validation
3872,CALI,validation
3792,BOMBAY,validation
6229,HOROZ,validation
10434,DERMASON,validation
10421,DERMASON,validation
1680,SEKER,validation
12282,DERMASON,validation
7573,SIRA,validation
9128,SIRA,validation
2424,BARBUNYA,validation
12166,DERMASON,validation
412,SEKER,validation
317,SEKER,validation
2080,BARBUNYA,validation
7607,SIRA,validation
13531,DERMASON,validation
5911,HOROZ,validation
466,SEKER,validation
12821,DERMASON,validation
8427,SIRA,validation
12960,DERMASON,validation
1339,SEKER,validation
4163,CALI,validation
11746,DERMASON,validation
5935,HOROZ,validation
56,SEKER,validation
10682,DERMASON,validation
12306,DERMASON,validation
9102,SIRA,validation
8944,SIRA,validation
12589,DERMASON,validation
11217,DERMASON,validation
10526,DERMASON,validation
266,SEKER,validation
11723,DERMASON,validation
11691,DERMASON,validation
10283,DERMASON,validation
2793,BARBUNYA,validation
5563,HOROZ,validation
2567,BARBUNYA,validation
11254,DERMASON,validation
9320,SIRA,validation
637,SEKER,validation
5722,HOROZ,validation
688,SEKER,validation
8898,SIRA,validation
6296,HOROZ,validation
6452,HOROZ,validation
7922,SIRA,validation
7577,SIRA,validation
4779,CALI,validation
13150,DERMASON,validation
4646,CALI,validation
873,SEKER,validation
8856,SIRA,validation
10495,DERMASON,validation
4761,CALI,validation
7855,SIRA,validation
672,SEKER,validation
13598,DERMASON,validation
5943,HOROZ,validation
2009,SEKER,validation
9313,SIRA,validation
6610,HOROZ,validation
10883,DERMASON,validation
10709,DERMASON,validation
9453,SIRA,validation
11118,DERMASON,validation
8936,SIRA,validation
6703,HOROZ,validation
7846,SIRA,validation
7900,SIRA,validation
10970,DERMASON,validation
6767,HOROZ,validation
13146,DERMASON,validation
2881,BARBUNYA,validation
4140,CALI,validation
10318,DERMASON,validation
9629,SIRA,validation
6255,HOROZ,validation
10611,DERMASON,validation
11164,DERMASON,validation
10952,DERMASON,validation
11765,DERMASON,validation
10276,DERMASON,validation
12384,DERMASON,validation
10950,DERMASON,validation
3434,BOMBAY,validation
705,SEKER,validation
12144,DERMASON,validation
6807,HOROZ,validation
3268,BARBUNYA,validation
10528,DERMASON,validation
1589,SEKER,validation
4133,CALI,validation
2176,BARBUNYA,validation
7675,SIRA,validation
1591,SEKER,validation
3296,BARBUNYA,validation
5561,HOROZ,validation
11455,DERMASON,validation
5132,CALI,validation
3533,BOMBAY,validation
10646,DERMASON,validation
3225,BARBUNYA,validation
11287,DERMASON,validation
5441,CALI,validation
8116,SIRA,validation
11229,DERMASON,validation
798,SEKER,validation
3884,CALI,validation
9265,SIRA,validation
8999,SIRA,validation
227,SEKER,validation
8892,SIRA,validation
5323,CALI,validation
12395,DERMASON,validation
750,SEKER,validation
12515,DERMASON,validation
3667,BOMBAY,validation
4827,CALI,validation
12195,DERMASON,validation
4497,CALI,validation
5390,CALI,validation
13610,DERMASON,validation
4757,CALI,validation
6577,HOROZ,validation
10431,DERMASON,validation
12689,DERMASON,validation
8327,SIRA,validation
2344,BARBUNYA,validation
12848,DERMASON,validation
6614,HOROZ,validation
5941,HOROZ,validation
7725,SIRA,validation
8612,SIRA,validation
2811,BARBUNYA,validation
7696,SIRA,validation
1032,SEKER,validation
4178,CALI,validation
2380,BARBUNYA,validation
6207,HOROZ,validation
8900,SIRA,validation
9571,SIRA,validation
5723,HOROZ,validation
10239,DERMASON,validation
12739,DERMASON,validation
3999,CALI,validation
12744,DERMASON,validation
6183,HOROZ,validation
1848,SEKER,validation
11252,DERMASON,validation
10439,DERMASON,validation
5038,CALI,validation
2411,BARBUNYA,validation
3377,BOMBAY,validation
5406,CALI,validation
10560,DERMASON,validation
12373,DERMASON,validation
5319,CALI,validation
7053,HOROZ,validation
12226,DERMASON,validation
10142,DERMASON,validation
10977,DERMASON,validation
7847,SIRA,validation
12950,DERMASON,validation
2153,BARBUNYA,validation
909,SEKER,validation
13438,DERMASON,validation
1860,SEKER,validation
1730,SEKER,validation
6759,HOROZ,validation
13263,DERMASON,validation
1236,SEKER,validation
332,SEKER,validation
7649,SIRA,validation
3242,BARBUNYA,validation
1514,SEKER,validation
12013,DERMASON,validation
620,SEKER,validation
12200,DERMASON,validation
9876,SIRA,validation
4787,CALI,validation
5316,CALI,validation
5594,HOROZ,validation
4172,CALI,validation
11216,DERMASON,validation
8189,SIRA,validation
4848,CALI,validation
5402,CALI,validation
10365,DERMASON,validation
7887,SIRA,validation
11837,DERMASON,validation
4174,CALI,validation
13149,DERMASON,validation
9098,SIRA,validation
5519,HOROZ,validation
8524,SIRA,validation
13230,DERMASON,validation
13091,DERMASON,validation
8284,SIRA,validation
3612,BOMBAY,validation
442,SEKER,validation
7851,SIRA,validation
1445,SEKER,validation
1193,SEKER,validation
11378,DERMASON,validation
13285,DERMASON,validation
8478,SIRA,validation
10257,DERMASON,validation
11445,DERMASON,validation
3912,CALI,validation
9603,SIRA,validation
3506,BOMBAY,validation
183,SEKER,validation
5942,HOROZ,validation
6940,HOROZ,validation
13193,DERMASON,validation
13488,DERMASON,validation
3324,BARBUNYA,validation
5693,HOROZ,validation
669,SEKER,validation
9514,SIRA,validation
943,SEKER,validation
9404,SIRA,validation
3501,BOMBAY,validation
5872,HOROZ,validation
5575,HOROZ,validation
5604,HOROZ,validation
10723,DERMASON,validation
4329,CALI,validation
9203,SIRA,validation
10422,DERMASON,validation
4756,CALI,validation
13108,DERMASON,validation
9238,SIRA,validation
7291,HOROZ,validation
6754,HOROZ,validation
12137,DERMASON,validation
5831,HOROZ,validation
2718,BARBUNYA,validation
13265,DERMASON,validation
5661,HOROZ,validation
13395,DERMASON,validation
10019,SIRA,validation
12070,DERMASON,validation
11137,DERMASON,validation
2125,BARBUNYA,validation
2516,BARBUNYA,validation
1171,SEKER,validation
2672,BARBUNYA,validation
5225,CALI,validation
13058,DERMASON,validation
3791,BOMBAY,validation
12370,DERMASON,validation
5479,CALI,validation
10507,DERMASON,validation
5351,CALI,validation
11079,DERMASON,validation
2149,BARBUNYA,validation
11788,DERMASON,validation
5918,HOROZ,validation
519,SEKER,validation
3044,BARBUNYA,validation
12865,DERMASON,validation
1508,SEKER,validation
4324,CALI,validation
2178,BARBUNYA,validation
8639,SIRA,validation
9863,SIRA,validation
9925,SIRA,validation
12533,DERMASON,validation
3113,BARBUNYA,validation
414,SEKER,validation
4964,CALI,validation
4212,CALI,validation
10514,DERMASON,validation
6929,HOROZ,validation
3326,BARBUNYA,validation
11801,DERMASON,validation
12746,DERMASON,validation
2667,BARBUNYA,validation
11127,DERMASON,validation
4101,CALI,validation
10937,DERMASON,validation
8703,SIRA,validation
9525,SIRA,validation
13062,DERMASON,validation
7087,HOROZ,validation
1100,SEKER,validation
8249,SIRA,validation
1772,SEKER,validation
2020,SEKER,validation
891,SEKER,validation
5451,CALI,validation
7874,SIRA,validation
6640,HOROZ,validation
10810,DERMASON,validation
1243,SEKER,validation
12260,DERMASON,validation
8736,SIRA,validation
7378,HOROZ,validation
91,SEKER,validation
11072,DERMASON,validation
322,SEKER,validation
10489,DERMASON,validation
1759,SEKER,validation
1767,SEKER,validation
3451,BOMBAY,validation
2224,BARBUNYA,validation
10217,DERMASON,validation
9743,SIRA,validation
7623,SIRA,validation
6274,HOROZ,validation
7737,SIRA,validation
8798,SIRA,validation
9343,SIRA,validation
5396,CALI,validation
8927,SIRA,validation
6491,HOROZ,validation
2675,BARBUNYA,validation
8715,SIRA,validation
6045,HOROZ,validation
10710,DERMASON,validation
10953,DERMASON,validation
7912,SIRA,validation
41,SEKER,validation
2019,SEKER,validation
11414,DERMASON,validation
10007,SIRA,validation
8187,SIRA,validation
3659,BOMBAY,validation
3676,BOMBAY,validation
2986,BARBUNYA,validation
10104,DERMASON,validation
9182,SIRA,validation
2846,BARBUNYA,validation
421,SEKER,validation
8521,SIRA,validation
5087,CALI,validation
10680,DERMASON,validation
8657,SIRA,validation
4557,CALI,validation
2412,BARBUNYA,validation
8092,SIRA,validation
12448,DERMASON,validation
6423,HOROZ,validation
5772,HOROZ,validation
9267,SIRA,validation
1352,SEKER,validation
5229,CALI,validation
9546,SIRA,validation
9009,SIRA,validation
2828,BARBUNYA,validation
9272,SIRA,validation
191,SEKER,validation
3707,BOMBAY,validation
9938,SIRA,validation
13494,DERMASON,validation
5922,HOROZ,validation
8574,SIRA,validation
12736,DERMASON,validation
2035,BARBUNYA,validation
10545,DERMASON,validation
10457,DERMASON,validation
556,SEKER,validation
3882,CALI,validation
9681,SIRA,validation
4290,CALI,validation
3444,BOMBAY,validation
13139,DERMASON,validation
1691,SEKER,validation
8298,SIRA,validation
9021,SIRA,validation
13344,DERMASON,validation
1186,SEKER,validation
13016,DERMASON,validation
11115,DERMASON,validation
13447,DERMASON,validation
4458,CALI,validation
4885,CALI,validation
12621,DERMASON,validation
7170,HOROZ,validation
8184,SIRA,validation
7131,HOROZ,validation
4385,CALI,validation
1176,SEKER,validation
11779,DERMASON,validation
12079,DERMASON,validation
6534,HOROZ,validation
6726,HOROZ,validation
4631,CALI,validation
7857,SIRA,validation
8275,SIRA,validation
12701,DERMASON,validation
9601,SIRA,validation
4998,CALI,validation
2822,BARBUNYA,validation
4832,CALI,validation
2376,BARBUNYA,validation
276,SEKER,validation
3507,BOMBAY,validation
10341,DERMASON,validation
9615,SIRA,validation
9887,SIRA,validation
7352,HOROZ,validation
10597,DERMASON,validation
7440,SIRA,validation
12600,DERMASON,validation
11373,DERMASON,validation
3336,BARBUNYA,validation
11454,DERMASON,validation
5940,HOROZ,validation
9043,SIRA,validation
2880,BARBUNYA,validation
12324,DERMASON,validation
12235,DERMASON,validation
4248,CALI,validation
588,SEKER,validation
6525,HOROZ,validation
13232,DERMASON,validation
1822,SEKER,validation
11547,DERMASON,validation
10179,DERMASON,validation
586,SEKER,validation
9641,SIRA,validation
2053,BARBUNYA,validation
384,SEKER,validation
9834,SIRA,validation
3772,BOMBAY,validation
11526,DERMASON,validation
3956,CALI,validation
8090,SIRA,validation
1797,SEKER,validation
8872,SIRA,validation
3347,BARBUNYA,validation
1965,SEKER,validation
7898,SIRA,validation
12007,DERMASON,validation
10715,DERMASON,validation
5197,CALI,validation
12415,DERMASON,validation
8183,SIRA,validation
5265,CALI,validation
3558,BOMBAY,validation
2691,BARBUNYA,validation
7969,SIRA,validation
7707,SIRA,validation
10733,DERMASON,validation
8720,SIRA,validation
10192,DERMASON,validation
8513,SIRA,validation
9047,SIRA,validation
838,SEKER,validation
2774,BARBUNYA,validation
13238,DERMASON,validation
11892,DERMASON,validation
10097,DERMASON,validation
10757,DERMASON,validation
6103,HOROZ,validation
5718,HOROZ,validation
10679,DERMASON,validation
2680,BARBUNYA,validation
13418,DERMASON,validation
13105,DERMASON,validation
2468,BARBUNYA,validation
3692,BOMBAY,validation
6006,HOROZ,validation
11170,DERMASON,validation
6700,HOROZ,validation
8535,SIRA,validation
5513,HOROZ,validation
4622,CALI,validation
2419,BARBUNYA,validation
238,SEKER,validation
2499,BARBUNYA,validation
1582,SEKER,validation
1880,SEKER,validation
6732,HOROZ,validation
7433,SIRA,validation
12274,DERMASON,validation
13279,DERMASON,validation
6117,HOROZ,validation
2290,BARBUNYA,validation
4552,CALI,validation
9041,SIRA,validation
5144,CALI,validation
11988,DERMASON,validation
13128,DERMASON,validation
6545,HOROZ,validation
12389,DERMASON,validation
12097,DERMASON,validation
13181,DERMASON,validation
12571,DERMASON,validation
13061,DERMASON,validation
11,SEKER,validation
5455,CALI,validation
8704,SIRA,validation
9494,SIRA,validation
8701,SIRA,validation
11632,DERMASON,validation
4858,CALI,validation
5140,CALI,validation
10137,DERMASON,validation
11652,DERMASON,validation
7502,SIRA,validation
13052,DERMASON,validation
10086,DERMASON,validation
8228,SIRA,validation
9818,SIRA,validation
12601,DERMASON,validation
5466,CALI,validation
8730,SIRA,validation
8768,SIRA,validation
3858,BOMBAY,validation
12863,DERMASON,validation
734,SEKER,validation
1920,SEKER,validation
1945,SEKER,validation
6489,HOROZ,validation
1699,SEKER,validation
9264,SIRA,validation
8470,SIRA,validation
9823,SIRA,validation
5600,HOROZ,validation
379,SEKER,validation
8259,SIRA,validation
11540,DERMASON,validation
2233,BARBUNYA,validation
3620,BOMBAY,validation
4218,CALI,validation
8617,SIRA,validation
12777,DERMASON,validation
3913,CALI,validation
2887,BARBUNYA,validation
1763,SEKER,validation
13236,DERMASON,validation
10026,SIRA,validation
12724,DERMASON,validation
7625,SIRA,validation
1441,SEKER,validation
9604,SIRA,validation
8080,SIRA,validation
2955,BARBUNYA,validation
12632,DERMASON,validation
9465,SIRA,validation
2232,BARBUNYA,validation
572,SEKER,validation
3518,BOMBAY,validation
3327,BARBUNYA,validation
5984,HOROZ,validation
4943,CALI,validation
10029,SIRA,validation
13095,DERMASON,validation
9831,SIRA,validation
12647,DERMASON,validation
7595,SIRA,validation
4789,CALI,validation
1175,SEKER,validation
11541,DERMASON,validation
6519,HOROZ,validation
9061,SIRA,validation
1930,SEKER,validation
6858,HOROZ,validation
871,SEKER,validation
1312,SEKER,validation
9230,SIRA,validation
12857,DERMASON,validation
2257,BARBUNYA,validation
5125,CALI,validation
10379,DERMASON,validation
12295,DERMASON,validation
7318,HOROZ,validation
3048,BARBUNYA,validation
7520,SIRA,validation
13426,DERMASON,validation
10867,DERMASON,validation
2061,BARBUNYA,validation
6955,HOROZ,validation
6249,HOROZ,validation
1681,SEKER,validation
9624,SIRA,validation
2856,BARBUNYA,validation
6849,HOROZ,validation
7037,HOROZ,validation
12548,DERMASON,validation
12309,DERMASON,validation
7268,HOROZ,validation
4878,CALI,validation
13466,DERMASON,validation
233,SEKER,validation
4488,CALI,validation
2227,BARBUNYA,validation
4875,CALI,validation
11741,DERMASON,validation
10342,DERMASON,validation
6600,HOROZ,validation
7454,SIRA,validation
8283,SIRA,validation
9030,SIRA,validation
10218,DERMASON,validation
13529,DERMASON,validation
7829,SIRA,validation
5539,HOROZ,validation
10336,DERMASON,validation
3727,BOMBAY,validation
7045,HOROZ,validation
9221,SIRA,validation
5995,HOROZ,validation
7609,SIRA,validation
5043,CALI,validation
3719,BOMBAY,validation
5057,CALI,validation
8679,SIRA,validation
2048,BARBUNYA,validation
1367,SEKER,validation
10956,DERMASON,validation
1310,SEKER,validation
11192,DERMASON,validation
1922,SEKER,validation
4561,CALI,validation
8244,SIRA,validation
9732,SIRA,validation
8191,SIRA,validation
6985,HOROZ,validation
10525,DERMASON,validation
12167,DERMASON,validation
1810,SEKER,validation
1616,SEKER,validation
4640,CALI,validation
9651,SIRA,validation
12716,DERMASON,validation
5307,CALI,validation
6736,HOROZ,validation
2849,BARBUNYA,validation
10291,DERMASON,validation
11129,DERMASON,validation
2406,BARBUNYA,validation
3497,BOMBAY,validation
1210,SEKER,validation
12705,DERMASON,validation
3641,BOMBAY,validation
6216,HOROZ,validation
1900,SEKER,validation
2924,BARBUNYA,validation
2523,BARBUNYA,validation
2564,BARBUNYA,validation
13525,DERMASON,validation
8267,SIRA,validation
7809,SIRA,validation
3525,BOMBAY,validation
938,SEKER,validation
2999,BARBUNYA,validation
10133,DERMASON,validation
4570,CALI,validation
11189,DERMASON,validation
1640,SEKER,validation
6392,HOROZ,validation
7901,SIRA,validation
9948,SIRA,validation
4959,CALI,validation
1643,SEKER,validation
7657,SIRA,validation
6144,HOROZ,validation
7796,SIRA,validation
8503,SIRA,validation
1148,SEKER,validation
1013,SEKER,validation
1520,SEKER,validation
4817,CALI,validation
4814,CALI,validation
2479,BARBUNYA,validation
3587,BOMBAY,validation
8974,SIRA,validation
389,SEKER,validation
3363,BOMBAY,validation
433,SEKER,validation
9567,SIRA,validation
3976,CALI,validation
10205,DERMASON,validation
12237,DERMASON,validation
5484,CALI,validation
11044,DERMASON,validation
4880,CALI,validation
11329,DERMASON,validation
1199,SEKER,validation
2544,BARBUNYA,validation
1674,SEKER,validation
8412,SIRA,validation
1768,SEKER,validation
3437,BOMBAY,validation
393,SEKER,validation
3965,CALI,validation
7933,SIRA,validation
7391,HOROZ,validation
9239,SIRA,validation
5001,CALI,validation
8434,SIRA,validation
7728,SIRA,validation
11638,DERMASON,validation
552,SEKER,validation
2897,BARBUNYA,validation
8211,SIRA,validation
2589,BARBUNYA,validation
1943,SEKER,validation
2650,BARBUNYA,validation
554,SEKER,validation
5705,HOROZ,validation
6968,HOROZ,validation
10402,DERMASON,validation
2586,BARBUNYA,validation
6421,HOROZ,validation
13151,DERMASON,validation
12253,DERMASON,validation
4686,CALI,validation
6527,HOROZ,validation
8861,SIRA,validation
1263,SEKER,validation
3273,BARBUNYA,validation
7409,HOROZ,validation
4585,CALI,validation
15,SEKER,validation
7389,HOROZ,validation
12487,DERMASON,validation
2800,BARBUNYA,validation
6411,HOROZ,validation
4407,CALI,validation
4657,CALI,validation
6851,HOROZ,validation
5798,HOROZ,validation
11456,DERMASON,validation
12266,DERMASON,validation
8954,SIRA,validation
8155,SIRA,validation
4608,CALI,validation
4844,CALI,validation
6163,HOROZ,validation
4859,CALI,validation
11054,DERMASON,validation
8256,SIRA,validation
12828,DERMASON,validation
8421,SIRA,validation
1785,SEKER,validation
1465,SEKER,validation
6142,HOROZ,validation
5235,CALI,validation
5114,CALI,validation
6239,HOROZ,validation
9785,SIRA,validation
6328,HOROZ,validation
801,SEKER,validation
1554,SEKER,validation
11841,DERMASON,validation
132,SEKER,validation
10750,DERMASON,validation
12071,DERMASON,validation
1366,SEKER,validation
7883,SIRA,validation
6282,HOROZ,validation
11978,DERMASON,validation
13369,DERMASON,validation
4596,CALI,validation
1850,SEKER,validation
5148,CALI,validation
1793,SEKER,validation
3103,BARBUNYA,validation
4904,CALI,validation
7282,HOROZ,validation
12643,DERMASON,validation
10087,DERMASON,validation
10378,DERMASON,validation
8588,SIRA,validation
12124,DERMASON,validation
1796,SEKER,validation
10593,DERMASON,validation
11480,DERMASON,validation
13556,DERMASON,validation
11616,DERMASON,validation
5728,HOROZ,validation
8070,SIRA,validation
13186,DERMASON,validation
2279,BARBUNYA,validation
4123,CALI,validation
1692,SEKER,validation
2831,BARBUNYA,validation
10693,DERMASON,validation
4183,CALI,validation
1669,SEKER,validation
6944,HOROZ,validation
12188,DERMASON,validation
82,SEKER,validation
6654,HOROZ,validation
7845,SIRA,validation
1596,SEKER,validation
12434,DERMASON,validation
8636,SIRA,validation
2511,BARBUNYA,validation
3278,BARBUNYA,validation
2903,BARBUNYA,validation
2428,BARBUNYA,validation
3321,BARBUNYA,validation
7659,SIRA,validation
5848,HOROZ,validation
12058,DERMASON,validation
456,SEKER,validation
1684,SEKER,validation
319,SEKER,validation
3856,BOMBAY,validation
5596,HOROZ,validation
869,SEKER,validation
3757,BOMBAY,validation
11921,DERMASON,validation
6678,HOROZ,validation
3315,BARBUNYA,validation
4124,CALI,validation
13272,DERMASON,validation
10199,DERMASON,validation
1637,SEKER,validation
857,SEKER,validation
4947,CALI,validation
8564,SIRA,validation
4995,CALI,validation
2252,BARBUNYA,validation
910,SEKER,validation
4782,CALI,validation
10270,DERMASON,validation
10326,DERMASON,validation
5773,HOROZ,validation
7555,SIRA,validation
978,SEKER,validation
7292,HOROZ,validation
7585,SIRA,validation
2573,BARBUNYA,validation
6974,HOROZ,validation
5727,HOROZ,validation
13130,DERMASON,validation
4933,CALI,validation
5732,HOROZ,validation
8680,SIRA,validation
12437,DERMASON,validation
8803,SIRA,validation
5855,HOROZ,validation
8685,SIRA,validation
8029,SIRA,validation
6000,HOROZ,validation
7838,SIRA,validation
13031,DERMASON,validation
8805,SIRA,validation
2893,BARBUNYA,validation
5844,HOROZ,validation
5135,CALI,validation
215,SEKER,validation
9200,SIRA,validation
13136,DERMASON,validation
4578,CALI,validation
10684,DERMASON,validation
2184,BARBUNYA,validation
581,SEKER,validation
8774,SIRA,validation
11322,DERMASON,validation
4500,CALI,validation
3509,BOMBAY,validation
10764,DERMASON,validation
2685,BARBUNYA,validation
4518,CALI,validation
2660,BARBUNYA,validation
5573,HOROZ,validation
11943,DERMASON,validation
9271,SIRA,validation
167,SEKER,validation
3524,BOMBAY,validation
11613,DERMASON,validation
8383,SIRA,validation
11753,DERMASON,validation
5487,CALI,validation
3650,BOMBAY,validation
12934,DERMASON,validation
4963,CALI,validation
1749,SEKER,validation
896,SEKER,validation
9614,SIRA,validation
9157,SIRA,validation
6999,HOROZ,validation
553,SEKER,validation
4897,CALI,validation
1009,SEKER,validation
5994,HOROZ,validation
3787,BOMBAY,validation
7981,SIRA,validation
343,SEKER,validation
6615,HOROZ,validation
12093,DERMASON,validation
12449,DERMASON,validation
12133,DERMASON,validation
1030,SEKER,validation
4996,CALI,validation
9244,SIRA,validation
410,SEKER,validation
8926,SIRA,validation
9213,SIRA,validation
6626,HOROZ,validation
10515,DERMASON,validation
4132,CALI,validation
90,SEKER,validation
5689,HOROZ,validation
10280,DERMASON,validation
9215,SIRA,validation
9712,SIRA,validation
8481,SIRA,validation
4396,CALI,validation
7913,SIRA,validation
11614,DERMASON,test
4884,CALI,test
13463,DERMASON,test
11584,DERMASON,test
1293,SEKER,test
9657,SIRA,test
12840,DERMASON,test
535,SEKER,test
7775,SIRA,test
917,SEKER,test
5300,CALI,test
11167,DERMASON,test
392,SEKER,test
9961,SIRA,test
10127,DERMASON,test
4374,CALI,test
12479,DERMASON,test
2315,BARBUNYA,test
2796,BARBUNYA,test
8448,SIRA,test
4152,CALI,test
1571,SEKER,test
3697,BOMBAY,test
2144,BARBUNYA,test
8108,SIRA,test
4026,CALI,test
2998,BARBUNYA,test
1702,SEKER,test
2910,BARBUNYA,test
5665,HOROZ,test
12887,DERMASON,test
12619,DERMASON,test
1666,SEKER,test
452,SEKER,test
235,SEKER,test
10738,DERMASON,test
1879,SEKER,test
3387,BOMBAY,test
7821,SIRA,test
11199,DERMASON,test
11770,DERMASON,test
5200,CALI,test
9121,SIRA,test
22,SEKER,test
7514,SIRA,test
12726,DERMASON,test
7283,HOROZ,test
2024,SEKER,test
3548,BOMBAY,test
966,SEKER,test
8365,SIRA,test
12792,DERMASON,test
5395,CALI,test
8008,SIRA,test
11571,DERMASON,test
3996,CALI,test
12667,DERMASON,test
5013,CALI,test
12315,DERMASON,test
1805,SEKER,test
10285,DERMASON,test
9886,SIRA,test
2918,BARBUNYA,test
9992,SIRA,test
1569,SEKER,test
6051,HOROZ,test
4520,CALI,test
12185,DERMASON,test
1825,SEKER,test
13390,DERMASON,test
2073,BARBUNYA,test
5494,CALI,test
2368,BARBUNYA,test
13591,DERMASON,test
716,SEKER,test
10306,DERMASON,test
10370,DERMASON,test
1235,SEKER,test
176,SEKER,test
3618,BOMBAY,test
5348,CALI,test
5809,HOROZ,test
302,SEKER,test
7556,SIRA,test
10904,DERMASON,test
5104,CALI,test
11690,DERMASON,test
10032,SIRA,test
5625,HOROZ,test
8264,SIRA,test
3812,BOMBAY,test
9856,SIRA,test
3713,BOMBAY,test
7516,SIRA,test
148,SEKER,test
8622,SIRA,test
8942,SIRA,test
13300,DERMASON,test
4971,CALI,test
12526,DERMASON,test
11281,DERMASON,test
2405,BARBUNYA,test
6942,HOROZ,test
2357,BARBUNYA,test
6710,HOROZ,test
631,SEKER,test
1581,SEKER,test
9809,SIRA,test
7701,SIRA,test
5277,CALI,test
3067,BARBUNYA,test
11006,DERMASON,test
2711,BARBUNYA,test
8141,SIRA,test
3221,BARBUNYA,test
11752,DERMASON,test
1427,SEKER,test
10056,SIRA,test
2929,BARBUNYA,test
4158,CALI,test
1476,SEKER,test
2646,BARBUNYA,test
326,SEKER,test
6457,HOROZ,test
12722,DERMASON,test
7191,HOROZ,test
3574,BOMBAY,test
13350,DERMASON,test
2273,BARBUNYA,test
10303,DERMASON,test
10955,DERMASON,test
8357,SIRA,test
6749,HOROZ,test
4501,CALI,test
3430,BOMBAY,test
6096,HOROZ,test
13452,DERMASON,test
2188,BARBUNYA,test
23,SEKER,test
7710,SIRA,test
12897,DERMASON,test
4489,CALI,test
10822,DERMASON,test
10667,DERMASON,test
10433,DERMASON,test
7826,SIRA,test
10555,DERMASON,test
9998,SIRA,test
826,SEKER,test
6892,HOROZ,test
7831,SIRA,test
11443,DERMASON,test
8678,SIRA,test
3429,BOMBAY,test
356,SEKER,test
218,SEKER,test
11303,DERMASON,test
9883,SIRA,test
1895,SEKER,test
1363,SEKER,test
4454,CALI,test
12676,DERMASON,test
1773,SEKER,test
87,SEKER,test
13396,DERMASON,test
2604,BARBUNYA,test
717,SEKER,test
5734,HOROZ,test
715,SEKER,test
1066,SEKER,test
7998,SIRA,test
98,SEKER,test
127,SEKER,test
11878,DERMASON,test
7423,HOROZ,test
10413,DERMASON,test
8248,SIRA,test
13374,DERMASON,test
13341,DERMASON,test
4548,CALI,test
9129,SIRA,test
4211,CALI,test
2322,BARBUNYA,test
742,SEKER,test
5312,CALI,test
8732,SIRA,test
6993,HOROZ,test
1957,SEKER,test
700,SEKER,test
7183,HOROZ,test
3547,BOMBAY,test
3870,BOMBAY,test
28,SEKER,test
10169,DERMASON,test
6309,HOROZ,test
4112,CALI,test
3265,BARBUNYA,test
8984,SIRA,test
5948,HOROZ,test
1051,SEKER,test
8348,SIRA,test
12117,DERMASON,test
3240,BARBUNYA,test
822,SEKER,test
6635,HOROZ,test
4267,CALI,test
7844,SIRA,test
5096,CALI,test
7219,HOROZ,test
5899,HOROZ,test
5050,CALI,test
5504,HOROZ,test
1830,SEKER,test
6159,HOROZ,test
8846,SIRA,test
9161,SIRA,test
9598,SIRA,test
10015,SIRA,test
10513,DERMASON,test
9064,SIRA,test
8544,SIRA,test
6312,HOROZ,test
11701,DERMASON,test
3752,BOMBAY,test
6782,HOROZ,test
7563,SIRA,test
12211,DERMASON,test
9836,SIRA,test
8777,SIRA,test
2179,BARBUNYA,test
5245,CALI,test
3728,BOMBAY,test
13240,DERMASON,test
3889,CALI,test
12773,DERMASON,test
12725,DERMASON,test
12665,DERMASON,test
12425,DERMASON,test
995,SEKER,test
8745,SIRA,test
6681,HOROZ,test
8545,SIRA,test
11261,DERMASON,test
6236,HOROZ,test
818,SEKER,test
7793,SIRA,test
7386,HOROZ,test
5175,CALI,test
6564,HOROZ,test
3666,BOMBAY,test
5863,HOROZ,test
5170,CALI,test
2726,BARBUNYA,test
11154,DERMASON,test
10616,DERMASON,test
2577,BARBUNYA,test
3032,BARBUNYA,test
9153,SIRA,test
3450,BOMBAY,test
7110,HOROZ,test
7527,SIRA,test
4297,CALI,test
7063,HOROZ,test
12062,DERMASON,test
7026,HOROZ,test
13599,DERMASON,test
3814,BOMBAY,test
5157,CALI,test
5011,CALI,test
12330,DERMASON,test
6821,HOROZ,test
5124,CALI,test
13314,DERMASON,test
8221,SIRA,test
5415,CALI,test
12981,DERMASON,test
823,SEKER,test
737,SEKER,test
12700,DERMASON,test
3972,CALI,test
4295,CALI,test
7684,SIRA,test
3217,BARBUNYA,test
201,SEKER,test
7009,HOROZ,test
5443,CALI,test
8652,SIRA,test
8835,SIRA,test
12769,DERMASON,test
12503,DERMASON,test
4365,CALI,test
11058,DERMASON,test
70,SEKER,test
2364,BARBUNYA,test
10661,DERMASON,test
9765,SIRA,test
10035,SIRA,test
1599,SEKER,test
12891,DERMASON,test
1478,SEKER,test
9987,SIRA,test
11591,DERMASON,test
12853,DERMASON,test
3936,CALI,test
4829,CALI,test
7741,SIRA,test
10553,DERMASON,test
1864,SEKER,test
5103,CALI,test
10686,DERMASON,test
5477,CALI,test
7347,HOROZ,test
10745,DERMASON,test
9871,SIRA,test
12443,DERMASON,test
6880,HOROZ,test
12056,DERMASON,test
12244,DERMASON,test
164,SEKER,test
11559,DERMASON,test
13558,DERMASON,test
362,SEKER,test
708,SEKER,test
8243,SIRA,test
5846,HOROZ,test
1428,SEKER,test
2537,BARBUNYA,test
12815,DERMASON,test
2785,BARBUNYA,test
10034,SIRA,test
11413,DERMASON,test
1942,SEKER,test
8693,SIRA,test
7427,HOROZ,test
1402,SEKER,test
202,SEKER,test
3065,BARBUNYA,test
7760,SIRA,test
7770,SIRA,test
8855,SIRA,test
11010,DERMASON,test
10765,DERMASON,test
6998,HOROZ,test
1823,SEKER,test
10842,DERMASON,test
4379,CALI,test
13384,DERMASON,test
307,SEKER,test
11684,DERMASON,test
5131,CALI,test
10469,DERMASON,test
2310,BARBUNYA,test
9734,SIRA,test
187,SEKER,test
3456,BOMBAY,test
9722,SIRA,test
5748,HOROZ,test
4563,CALI,test
9057,SIRA,test
6949,HOROZ,test
12672,DERMASON,test
4013,CALI,test
11071,DERMASON,test
2154,BARBUNYA,test
11222,DERMASON,test
12902,DERMASON,test
3490,BOMBAY,test
10235,DERMASON,test
6182,HOROZ,test
5606,HOROZ,test
180,SEKER,test
5261,CALI,test
467,SEKER,test
10729,DERMASON,test
5191,CALI,test
1320,SEKER,test
10573,DERMASON,test
1794,SEKER,test
8194,SIRA,test
4223,CALI,test
5337,CALI,test
5739,HOROZ,test
5496,CALI,test
12113,DERMASON,test
6743,HOROZ,test
12489,DERMASON,test
4614,CALI,test
1778,SEKER,test
12466,DERMASON,test
8147,SIRA,test
9905,SIRA,test
5724,HOROZ,test
7436,SIRA,test
991,SEKER,test
6939,HOROZ,test
11466,DERMASON,test
709,SEKER,test
1079,SEKER,test
5041,CALI,test
8546,SIRA,test
5121,CALI,test
4034,CALI,test
13553,DERMASON,test
1075,SEKER,test
145,SEKER,test
7928,SIRA,test
11531,DERMASON,test
5843,HOROZ,test
2114,BARBUNYA,test
10886,DERMASON,test
6344,HOROZ,test
4311,CALI,test
6484,HOROZ,test
7586,SIRA,test
729,SEKER,test
1020,SEKER,test
1313,SEKER,test
8565,SIRA,test
12475,DERMASON,test
3145,BARBUNYA,test
7468,SIRA,test
5391,CALI,test
10251,DERMASON,test
1815,SEKER,test
2583,BARBUNYA,test
5851,HOROZ,test
7333,HOROZ,test
3536,BOMBAY,test
9170,SIRA,test
12360,DERMASON,test
5332,CALI,test
8101,SIRA,test
5115,CALI,test
9825,SIRA,test
2091,BARBUNYA,test
1808,SEKER,test
5559,HOROZ,test
4703,CALI,test
5110,CALI,test
8627,SIRA,test
9171,SIRA,test
12903,DERMASON,test
1658,SEKER,test
7687,SIRA,test
5112,CALI,test
9860,SIRA,test
2652,BARBUNYA,test
10150,DERMASON,test
11396,DERMASON,test
6503,HOROZ,test
3250,BARBUNYA,test
13479,DERMASON,test
13400,DERMASON,test
2978,BARBUNYA,test
13428,DERMASON,test
2303,BARBUNYA,test
12052,DERMASON,test
11361,DERMASON,test
11756,DERMASON,test
7487,SIRA,test
9344,SIRA,test
12528,DERMASON,test
4368,CALI,test
10265,DERMASON,test
9338,SIRA,test
4431,CALI,test
10461,DERMASON,test
2132,BARBUNYA,test
12906,DERMASON,test
3199,BARBUNYA,test
11568,DERMASON,test
213,SEKER,test
3201,BARBUNYA,test
2803,BARBUNYA,test
8074,SIRA,test
13023,DERMASON,test
10492,DERMASON,test
643,SEKER,test
7020,HOROZ,test
7030,HOROZ,test
8450,SIRA,test
7993,SIRA,test
5198,CALI,test
12745,DERMASON,test
12339,DERMASON,test
9341,SIRA,test
7185,HOROZ,test
6251,HOROZ,test
5308,CALI,test
849,SEKER,test
8276,SIRA,test
3599,BOMBAY,test
4353,CALI,test
5357,CALI,test
11942,DERMASON,test
1234,SEKER,test
12624,DERMASON,test
8547,SIRA,test
3822,BOMBAY,test
6139,HOROZ,test
6779,HOROZ,test
10938,DERMASON,test
11014,DERMASON,test
3491,BOMBAY,test
8673,SIRA,test
13528,DERMASON,test
10732,DERMASON,test
6620,HOROZ,test
1551,SEKER,test
11487,DERMASON,test
5730,HOROZ,test
1532,SEKER,test
7120,HOROZ,test
163,SEKER,test
3293,BARBUNYA,test
10072,DERMASON,test
4667,CALI,test
1904,SEKER,test
4692,CALI,test
7543,SIRA,test
8630,SIRA,test
4490,CALI,test
3962,CALI,test
6366,HOROZ,test
11777,DERMASON,test
7465,SIRA,test
2988,BARBUNYA,test
12269,DERMASON,test
4838,CALI,test
9976,SIRA,test
3210,BARBUNYA,test
3928,CALI,test
5610,HOROZ,test
11076,DERMASON,test
5027,CALI,test
4929,CALI,test
3351,BOMBAY,test
3880,CALI,test
4845,CALI,test
4590,CALI,test
3329,BARBUNYA,test
10563,DERMASON,test
2217,BARBUNYA,test
9488,SIRA,test
10129,DERMASON,test
8369,SIRA,test
6132,HOROZ,test
9288,SIRA,test
8364,SIRA,test
3845,BOMBAY,test
5181,CALI,test
9067,SIRA,test
203,SEKER,test
12896,DERMASON,test
13448,DERMASON,test
1057,SEKER,test
6188,HOROZ,test
5589,HOROZ,test
1129,SEKER,test
13330,DERMASON,test
2216,BARBUNYA,test
12473,DERMASON,test
5248,CALI,test
1376,SEKER,test
10564,DERMASON,test
13577,DERMASON,test
9186,SIRA,test
7400,HOROZ,test
9581,SIRA,test
6800,HOROZ,test
7704,SIRA,test
3409,BOMBAY,test
3181,BARBUNYA,test
11100,DERMASON,test
12289,DERMASON,test
10289,DERMASON,test
11524,DERMASON,test
10259,DERMASON,test
11914,DERMASON,test
5127,CALI,test
3052,BARBUNYA,test
8818,SIRA,test
6553,HOROZ,test
10045,SIRA,test
5138,CALI,test
1694,SEKER,test
6652,HOROZ,test
9858,SIRA,test
8763,SIRA,test
6621,HOROZ,test
2752,BARBUNYA,test
2633,BARBUNYA,test
9689,SIRA,test
1783,SEKER,test
6306,HOROZ,test
10744,DERMASON,test
9322,SIRA,test
2654,BARBUNYA,test
8830,SIRA,test
5252,CALI,test
12265,DERMASON,test
4319,CALI,test
4316,CALI,test
3737,BOMBAY,test
8758,SIRA,test
9637,SIRA,test
2635,BARBUNYA,test
921,SEKER,test
13159,DERMASON,test
4772,CALI,test
9358,SIRA,test
6579,HOROZ,test
4191,CALI,test
2298,BARBUNYA,test
10260,DERMASON,test
10914,DERMASON,test
10427,DERMASON,test
7639,SIRA,test
12521,DERMASON,test
2482,BARBUNYA,test
3793,BOMBAY,test
1475,SEKER,test
6394,HOROZ,test
6507,HOROZ,test
4277,CALI,test
4224,CALI,test
3271,BARBUNYA,test
2809,BARBUNYA,test
9477,SIRA,test
9644,SIRA,test
13367,DERMASON,test
1507,SEKER,test
499,SEKER,test
5584,HOROZ,test
7447,SIRA,test
2535,BARBUNYA,test
9037,SIRA,test
4857,CALI,test
8423,SIRA,test
7385,HOROZ,test
12852,DERMASON,test
6550,HOROZ,test
4558,CALI,test
11499,DERMASON,test
13075,DERMASON,test
12866,DERMASON,test
6959,HOROZ,test
6808,HOROZ,test
10309,DERMASON,test
13190,DERMASON,test
6796,HOROZ,test
2501,BARBUNYA,test
6746,HOROZ,test
4651,CALI,test
545,SEKER,test
7325,HOROZ,test
10183,DERMASON,test
5667,HOROZ,test
9334,SIRA,test
3783,BOMBAY,test
6967,HOROZ,test
44,SEKER,test
13419,DERMASON,test
10713,DERMASON,test
12321,DERMASON,test
6876,HOROZ,test
807,SEKER,test
8890,SIRA,test
1484,SEKER,test
2778,BARBUNYA,test
11161,DERMASON,test
5796,HOROZ,test
6744,HOROZ,test
10989,DERMASON,test
3165,BARBUNYA,test
9127,SIRA,test
12583,DERMASON,test
3136,BARBUNYA,test
604,SEKER,test
3000,BARBUNYA,test
10498,DERMASON,test
6528,HOROZ,test
6449,HOROZ,test
9788,SIRA,test
8842,SIRA,test
3663,BOMBAY,test
6398,HOROZ,test
6448,HOROZ,test
12209,DERMASON,test
7244,HOROZ,test
12537,DERMASON,test
9926,SIRA,test
13048,DERMASON,test
2028,BARBUNYA,test
4114,CALI,test
6243,HOROZ,test
8119,SIRA,test
10644,DERMASON,test
13593,DERMASON,test
12945,DERMASON,test
8843,SIRA,test
5761,HOROZ,test
1923,SEKER,test
4289,CALI,test
2470,BARBUNYA,test
5012,CALI,test
13562,DERMASON,test
889,SEKER,test
13010,DERMASON,test
10023,SIRA,test
9919,SIRA,test
4136,CALI,test
11989,DERMASON,test
13464,DERMASON,test
4220,CALI,test
12059,DERMASON,test
9429,SIRA,test
605,SEKER,test
476,SEKER,test
3541,BOMBAY,test
2433,BARBUNYA,test
12677,DERMASON,test
6646,HOROZ,test
12922,DERMASON,test
3303,BARBUNYA,test
13351,DERMASON,test
9872,SIRA,test
2044,BARBUNYA,test
8341,SIRA,test
12616,DERMASON,test
9216,SIRA,test
5246,CALI,test
686,SEKER,test
9647,SIRA,test
10804,DERMASON,test
4801,CALI,test
7250,HOROZ,test
3330,BARBUNYA,test
5436,CALI,test
6546,HOROZ,test
1695,SEKER,test
12936,DERMASON,test
6339,HOROZ,test
7118,HOROZ,test
4534,CALI,test
3407,BOMBAY,test
12826,DERMASON,test
10785,DERMASON,test
4355,CALI,test
4478,CALI,test
11191,DERMASON,test
5218,CALI,test
12060,DERMASON,test
8638,SIRA,test
12241,DERMASON,test
2021,SEKER,test
9745,SIRA,test
11883,DERMASON,test
13161,DERMASON,test
7408,HOROZ,test
5506,HOROZ,test
6030,HOROZ,test
12545,DERMASON,test
224,SEKER,test
7168,HOROZ,test
8159,SIRA,test
9556,SIRA,test
3925,CALI,test
2515,BARBUNYA,test
5700,HOROZ,test
3312,BARBUNYA,test
12681,DERMASON,test
6036,HOROZ,test
8969,SIRA,test
13504,DERMASON,test
12499,DERMASON,test
10806,DERMASON,test
5259,CALI,test
7500,SIRA,test
2883,BARBUNYA,test
12106,DERMASON,test
12442,DERMASON,test
10299,DERMASON,test
5253,CALI,test
11899,DERMASON,test
2613,BARBUNYA,test
6906,HOROZ,test
5785,HOROZ,test
1394,SEKER,test
11864,DERMASON,test
5648,HOROZ,test
4826,CALI,test
593,SEKER,test
12151,DERMASON,test
7442,SIRA,test
4401,CALI,test
2496,BARBUNYA,test
3651,BOMBAY,test
3169,BARBUNYA,test
2473,BARBUNYA,test
3687,BOMBAY,test
11348,DERMASON,test
6544,HOROZ,test
1065,SEKER,test
11492,DERMASON,test
6657,HOROZ,test
8158,SIRA,test
6214,HOROZ,test
12322,DERMASON,test
5676,HOROZ,test
454,SEKER,test
3758,BOMBAY,test
3866,BOMBAY,test
626,SEKER,test
7739,SIRA,test
6682,HOROZ,test
9029,SIRA,test
12524,DERMASON,test
4737,CALI,test
7162,HOROZ,test
2102,BARBUNYA,test
5161,CALI,test
10090,DERMASON,test
3247,BARBUNYA,test
12558,DERMASON,test
11354,DERMASON,test
5617,HOROZ,test
13478,DERMASON,test
11857,DERMASON,test
10125,DERMASON,test
2215,BARBUNYA,test
5674,HOROZ,test
521,SEKER,test
1987,SEKER,test
5123,CALI,test
3500,BOMBAY,test
11314,DERMASON,test
3847,BOMBAY,test
3287,BARBUNYA,test
8012,SIRA,test
12342,DERMASON,test
13001,DERMASON,test
1583,SEKER,test
9670,SIRA,test
3041,BARBUNYA,test
3614,BOMBAY,test
2146,BARBUNYA,test
3219,BARBUNYA,test
2911,BARBUNYA,test
241,SEKER,test
4254,CALI,test
12414,DERMASON,test
13115,DERMASON,test
11468,DERMASON,test
9176,SIRA,test
10584,DERMASON,test
2246,BARBUNYA,test
10569,DERMASON,test
11583,DERMASON,test
1308,SEKER,test
11757,DERMASON,test
7574,SIRA,test
12204,DERMASON,test
1760,SEKER,test
10017,SIRA,test
6879,HOROZ,test
12301,DERMASON,test
1353,SEKER,test
3771,BOMBAY,test
3392,BOMBAY,test
5188,CALI,test
9949,SIRA,test
4595,CALI,test
10906,DERMASON,test
663,SEKER,test
1558,SEKER,test
8117,SIRA,test
1932,SEKER,test
11500,DERMASON,test
10622,DERMASON,test
13331,DERMASON,test
6606,HOROZ,test
7999,SIRA,test
2848,BARBUNYA,test
8508,SIRA,test
6777,HOROZ,test
10462,DERMASON,test
12066,DERMASON,test
2229,BARBUNYA,test
6286,HOROZ,test
1131,SEKER,test
5493,CALI,test
1656,SEKER,test
1356,SEKER,test
7673,SIRA,test
7266,HOROZ,test
1386,SEKER,test
2062,BARBUNYA,test
274,SEKER,test
13169,DERMASON,test
2426,BARBUNYA,test
4675,CALI,test
2139,BARBUNYA,test
9291,SIRA,test
2947,BARBUNYA,test
8023,SIRA,test
10697,DERMASON,test
2268,BARBUNYA,test
8394,SIRA,test
9708,SIRA,test
5765,HOROZ,test
3564,BOMBAY,test
2306,BARBUNYA,test
12895,DERMASON,test
4359,CALI,test
12819,DERMASON,test
3960,CALI,test
4016,CALI,test
13195,DERMASON,test
9402,SIRA,test
3055,BARBUNYA,test
5912,HOROZ,test
11016,DERMASON,test
3479,BOMBAY,test
8397,SIRA,test
12127,DERMASON,test
7769,SIRA,test
6771,HOROZ,test
7815,SIRA,test
2429,BARBUNYA,test
10403,DERMASON,test
1929,SEKER,test
3236,BARBUNYA,test
10947,DERMASON,test
4171,CALI,test
301,SEKER,test
9075,SIRA,test
782,SEKER,test
11853,DERMASON,test
12386,DERMASON,test
1631,SEKER,test
13118,DERMASON,test
10827,DERMASON,test
8908,SIRA,test
4499,CALI,test
1136,SEKER,test
4716,CALI,test
877,SEKER,test
3022,BARBUNYA,test
6084,HOROZ,test
3621,BOMBAY,test
4107,CALI,test
11171,DERMASON,test
11726,DERMASON,test
5317,CALI,test
10632,DERMASON,test
12073,DERMASON,test
7329,HOROZ,test
7877,SIRA,test
5769,HOROZ,test
9783,SIRA,test
7175,HOROZ,test
9118,SIRA,test
4902,CALI,test
6098,HOROZ,test
8452,SIRA,test
4340,CALI,test
11663,DERMASON,test
34,SEKER,test
10201,DERMASON,test
6404,HOROZ,test
5090,CALI,test
3087,BARBUNYA,test
8825,SIRA,test
10343,DERMASON,test
2514,BARBUNYA,test
160,SEKER,test
7439,SIRA,test
7142,HOROZ,test
2827,BARBUNYA,test
9370,SIRA,test
9542,SIRA,test
872,SEKER,test
6645,HOROZ,test
5217,CALI,test
645,SEKER,test
8965,SIRA,test
7866,SIRA,test
13164,DERMASON,test
10245,DERMASON,test
12568,DERMASON,test
6068,HOROZ,test
12733,DERMASON,test
7273,HOROZ,test
5614,HOROZ,test
1627,SEKER,test
714,SEKER,test
11979,DERMASON,test
9703,SIRA,test
7262,HOROZ,test
13425,DERMASON,test
2157,BARBUNYA,test
7490,SIRA,test
9259,SIRA,test
7321,HOROZ,test
9638,SIRA,test
7685,SIRA,test
1587,SEKER,test
13555,DERMASON,test
12656,DERMASON,test
12221,DERMASON,test
9268,SIRA,test
1088,SEKER,test
13491,DERMASON,test
8924,SIRA,test
7663,SIRA,test
1980,SEKER,test
8688,SIRA,test
2331,BARBUNYA,test
7126,HOROZ,test
7980,SIRA,test
9795,SIRA,test
12210,DERMASON,test
13155,DERMASON,test
2427,BARBUNYA,test
1983,SEKER,test
12027,DERMASON,test
8087,SIRA,test
2662,BARBUNYA,test
1351,SEKER,test
11543,DERMASON,test
5171,CALI,test
10451,DERMASON,test
13520,DERMASON,test
5318,CALI,test
10471,DERMASON,test
12707,DERMASON,test
3294,BARBUNYA,test
7536,SIRA,test
9742,SIRA,test
2664,BARBUNYA,test
12845,DERMASON,test
9278,SIRA,test
5154,CALI,test
3833,BOMBAY,test
50,SEKER,test
11703,DERMASON,test
1043,SEKER,test
1225,SEKER,test
12717,DERMASON,test
10204,DERMASON,test
6790,HOROZ,test
4413,CALI,test
8769,SIRA,test
3156,BARBUNYA,test
11997,DERMASON,test
13541,DERMASON,test
11653,DERMASON,test
8491,SIRA,test
5328,CALI,test
270,SEKER,test
6047,HOROZ,test
8697,SIRA,test
8819,SIRA,test
11657,DERMASON,test
10554,DERMASON,test
11340,DERMASON,test
6378,HOROZ,test
9985,SIRA,test
2340,BARBUNYA,test
13572,DERMASON,test
12287,DERMASON,test
4168,CALI,test
7403,HOROZ,test
1156,SEKER,test
3070,BARBUNYA,test
7164,HOROZ,test
10994,DERMASON,test
7460,SIRA,test
12283,DERMASON,test
4276,CALI,test
691,SEKER,test
8887,SIRA,test
8307,SIRA,test
10660,DERMASON,test
11188,DERMASON,test
4919,CALI,test
11178,DERMASON,test
5944,HOROZ,test
4030,CALI,test
6003,HOROZ,test
12879,DERMASON,test
12406,DERMASON,test
7982,SIRA,test
6350,HOROZ,test
11489,DERMASON,test
11509,DERMASON,test
2984,BARBUNYA,test
9838,SIRA,test
6981,HOROZ,test
11589,DERMASON,test
10418,DERMASON,test
5145,CALI,test
4000,CALI,test
2041,BARBUNYA,test
25,SEKER,test
11357,DERMASON,test
6933,HOROZ,test
11156,DERMASON,test
10269,DERMASON,test
9045,SIRA,test
12888,DERMASON,test
6367,HOROZ,test
9120,SIRA,test
6291,HOROZ,test
1688,SEKER,test
2982,BARBUNYA,test
463,SEKER,test
11603,DERMASON,test
2983,BARBUNYA,test
380,SEKER,test
10030,SIRA,test
8674,SIRA,test
573,SEKER,test
1364,SEKER,test
8169,SIRA,test
6138,HOROZ,test
4621,CALI,test
9537,SIRA,test
10359,DERMASON,test
6100,HOROZ,test
2607,BARBUNYA,test
8222,SIRA,test
12047,DERMASON,test
10224,DERMASON,test
9137,SIRA,test
2064,BARBUNYA,test
103,SEKER,test
5376,CALI,test
13073,DERMASON,test
2538,BARBUNYA,test
12305,DERMASON,test
1085,SEKER,test
1974,SEKER,test
10177,DERMASON,test
1269,SEKER,test
12740,DERMASON,test
11406,DERMASON,test
10631,DERMASON,test
6836,HOROZ,test
5069,CALI,test
8634,SIRA,test
8017,SIRA,test
3007,BARBUNYA,test
665,SEKER,test
5048,CALI,test
2187,BARBUNYA,test
9099,SIRA,test
11587,DERMASON,test
1214,SEKER,test
12923,DERMASON,test
12913,DERMASON,test
10605,DERMASON,test
904,SEKER,test
7583,SIRA,test
7694,SIRA,test
2234,BARBUNYA,test
13251,DERMASON,test
36,SEKER,test
4707,CALI,test
2802,BARBUNYA,test
1639,SEKER,test
10338,DERMASON,test
7116,HOROZ,test
5770,HOROZ,test
11482,DERMASON,test
13213,DERMASON,test
3114,BARBUNYA,test
2031,BARBUNYA,test
6982,HOROZ,test
1993,SEKER,test
6642,HOROZ,test
6224,HOROZ,test
12408,DERMASON,test
9072,SIRA,test
8196,SIRA,test
6938,HOROZ,test
5845,HOROZ,test
6180,HOROZ,test
8977,SIRA,test
1949,SEKER,test
1238,SEKER,test
1901,SEKER,test
6074,HOROZ,test
539,SEKER,test
7510,SIRA,test
2173,BARBUNYA,test
5387,CALI,test
12975,DERMASON,test
10448,DERMASON,test
3189,BARBUNYA,test
638,SEKER,test
4507,CALI,test
12959,DERMASON,test
1077,SEKER,test
6351,HOROZ,test
12485,DERMASON,test
12942,DERMASON,test
6209,HOROZ,test
899,SEKER,test
810,SEKER,test
2756,BARBUNYA,test
10934,DERMASON,test
13387,DERMASON,test
376,SEKER,test
939,SEKER,test
9563,SIRA,test
6762,HOROZ,test
9005,SIRA,test
2686,BARBUNYA,test
6443,HOROZ,test
5173,CALI,test
4078,CALI,test
6734,HOROZ,test
5954,HOROZ,test
8529,SIRA,test
9486,SIRA,test
3712,BOMBAY,test
8520,SIRA,test
5884,HOROZ,test
4260,CALI,test
11242,DERMASON,test
4540,CALI,test
3130,BARBUNYA,test
8370,SIRA,test
13516,DERMASON,test
6733,HOROZ,test
10889,DERMASON,test
1593,SEKER,test
5634,HOROZ,test
9498,SIRA,test
4822,CALI,test
9577,SIRA,test
2669,BARBUNYA,test
11659,DERMASON,test
10824,DERMASON,test
1067,SEKER,test
9229,SIRA,test
11955,DERMASON,test
8241,SIRA,test
5439,CALI,test
10425,DERMASON,test
8629,SIRA,test
6709,HOROZ,test
2320,BARBUNYA,test
10185,DERMASON,test
10731,DERMASON,test
157,SEKER,test
11169,DERMASON,test
7594,SIRA,test
12300,DERMASON,test
567,SEKER,test
7483,SIRA,test
6058,HOROZ,test
2493,BARBUNYA,test
4004,CALI,test
13233,DERMASON,test
3382,BOMBAY,test
8930,SIRA,test
851,SEKER,test
5162,CALI,test
10348,DERMASON,test
13602,DERMASON,test
10484,DERMASON,test
11889,DERMASON,test
7567,SIRA,test
13551,DERMASON,test
6540,HOROZ,test
6156,HOROZ,test
11423,DERMASON,test
5452,CALI,test
5270,CALI,test
3598,BOMBAY,test
7799,SIRA,test
5117,CALI,test
10043,SIRA,test
8430,SIRA,test
13552,DERMASON,test
12678,DERMASON,test
5169,CALI,test
2842,BARBUNYA,test
6043,HOROZ,test
5363,CALI,test
10712,DERMASON,test
5416,CALI,test
12800,DERMASON,test
892,SEKER,test
446,SEKER,test
11646,DERMASON,test
2753,BARBUNYA,test
13089,DERMASON,test
3535,BOMBAY,test
6396,HOROZ,test
9411,SIRA,test
11670,DERMASON,test
7655,SIRA,test
5938,HOROZ,test
12987,DERMASON,test
74,SEKER,test
4869,CALI,test
13542,DERMASON,test
4531,CALI,test
12808,DERMASON,test
3134,BARBUNYA,test
4883,CALI,test
9167,SIRA,test
3083,BARBUNYA,test
4462,CALI,test
13281,DERMASON,test
6882,HOROZ,test
10022,SIRA,test
3782,BOMBAY,test
2122,BARBUNYA,test
13324,DERMASON,test
10908,DERMASON,test
11874,DERMASON,test
4654,CALI,test
8770,SIRA,test
9410,SIRA,test
9299,SIRA,test
1812,SEKER,test
12759,DERMASON,test
4108,CALI,test
2500,BARBUNYA,test
3970,CALI,test
9390,SIRA,test
3827,BOMBAY,test
9384,SIRA,test
9155,SIRA,test
11041,DERMASON,test
10659,DERMASON,test
2862,BARBUNYA,test
9185,SIRA,test
8625,SIRA,test
4445,CALI,test
12077,DERMASON,test
12830,DERMASON,test
5018,CALI,test
3584,BOMBAY,test
5578,HOROZ,test
2860,BARBUNYA,test
4215,CALI,test
2854,BARBUNYA,test
2864,BARBUNYA,test
6024,HOROZ,test
1392,SEKER,test
2708,BARBUNYA,test
7060,HOROZ,test
789,SEKER,test
9122,SIRA,test
4663,CALI,test
2601,BARBUNYA,test
11004,DERMASON,test
11147,DERMASON,test
9897,SIRA,test
11740,DERMASON,test
11599,DERMASON,test
3413,BOMBAY,test
2598,BARBUNYA,test
13009,DERMASON,test
6050,HOROZ,test
12617,DERMASON,test
1347,SEKER,test
10695,DERMASON,test
8167,SIRA,test
10114,DERMASON,test
6127,HOROZ,test
12565,DERMASON,test
3955,CALI,test
1359,SEKER,test
8003,SIRA,test
9947,SIRA,test
11133,DERMASON,test
9800,SIRA,test
1809,SEKER,test
5974,HOROZ,test
2674,BARBUNYA,test
8813,SIRA,test
4527,CALI,test
12964,DERMASON,test
10,SEKER,test
8258,SIRA,test
11132,DERMASON,test
5827,HOROZ,test
13270,DERMASON,test
8156,SIRA,test
5244,CALI,test
12567,DERMASON,test
10320,DERMASON,test
9025,SIRA,test
7660,SIRA,test
6518,HOROZ,test
7379,HOROZ,test
12893,DERMASON,test
9973,SIRA,test
1629,SEKER,test
4503,CALI,test
7958,SIRA,test
8866,SIRA,test
5238,CALI,test
3109,BARBUNYA,test
9810,SIRA,test
12012,DERMASON,test
12805,DERMASON,test
4315,CALI,test
6439,HOROZ,test
7841,SIRA,test
10064,SIRA,test
8929,SIRA,test
9697,SIRA,test
6567,HOROZ,test
656,SEKER,test
946,SEKER,test
12590,DERMASON,test
11712,DERMASON,test
10089,DERMASON,test
488,SEKER,test
6352,HOROZ,test
5454,CALI,test
10509,DERMASON,test
395,SEKER,test
9459,SIRA,test
12491,DERMASON,test
8104,SIRA,test
1533,SEKER,test
591,SEKER,test
10683,DERMASON,test
12513,DERMASON,test
7600,SIRA,test
12620,DERMASON,test
6379,HOROZ,test
1169,SEKER,test
12661,DERMASON,test
9688,SIRA,test
9799,SIRA,test
10467,DERMASON,test
11200,DERMASON,test
1685,SEKER,test
4812,CALI,test
738,SEKER,test
6715,HOROZ,test
9978,SIRA,test
4019,CALI,test
6067,HOROZ,test
3318,BARBUNYA,test
13546,DERMASON,test
4251,CALI,test
2180,BARBUNYA,test
10012,SIRA,test
1863,SEKER,test
7727,SIRA,test
618,SEKER,test
7736,SIRA,test
2503,BARBUNYA,test
10724,DERMASON,test
12424,DERMASON,test
682,SEKER,test
11985,DERMASON,test
7059,HOROZ,test
6526,HOROZ,test
8084,SIRA,test
11724,DERMASON,test
7398,HOROZ,test
4670,CALI,test
9222,SIRA,test
4475,CALI,test
11852,DERMASON,test
3630,BOMBAY,test
5289,CALI,test
4424,CALI,test
9381,SIRA,test
12658,DERMASON,test
486,SEKER,test
6469,HOROZ,test
1105,SEKER,test
13601,DERMASON,test
8344,SIRA,test
195,SEKER,test
7374,HOROZ,test
7130,HOROZ,test
8471,SIRA,test
1707,SEKER,test
11762,DERMASON,test
7194,HOROZ,test
5791,HOROZ,test
11057,DERMASON,test
9588,SIRA,test
11163,DERMASON,test
11265,DERMASON,test
2213,BARBUNYA,test
261,SEKER,test
6552,HOROZ,test
7911,SIRA,test
11938,DERMASON,test
6196,HOROZ,test
425,SEKER,test
7395,HOROZ,test
830,SEKER,test
4834,CALI,test
6867,HOROZ,test
12540,DERMASON,test
9209,SIRA,test
9293,SIRA,test
5216,CALI,test
8079,SIRA,test
3593,BOMBAY,test
12394,DERMASON,test
5299,CALI,test
11210,DERMASON,test
13141,DERMASON,test
9253,SIRA,test
12080,DERMASON,test
9095,SIRA,test
2790,BARBUNYA,test
6476,HOROZ,test
10083,DERMASON,test
1231,SEKER,test
8286,SIRA,test
13366,DERMASON,test
9078,SIRA,test
6747,HOROZ,test
4854,CALI,test
4182,CALI,test
13290,DERMASON,test
93,SEKER,test
13449,DERMASON,test
3722,BOMBAY,test
2898,BARBUNYA,test
10674,DERMASON,test
594,SEKER,test
3780,BOMBAY,test
10266,DERMASON,test
5419,CALI,test
1342,SEKER,test
3683,BOMBAY,test
3898,CALI,test
8111,SIRA,test
536,SEKER,test
756,SEKER,test
11306,DERMASON,test
133,SEKER,test
8144,SIRA,test
10535,DERMASON,test
5345,CALI,test
6111,HOROZ,test
13508,DERMASON,test
10147,DERMASON,test
13440,DERMASON,test
6870,HOROZ,test
12838,DERMASON,test
1190,SEKER,test
6494,HOROZ,test
8717,SIRA,test
10558,DERMASON,test
12359,DERMASON,test
12068,DERMASON,test
993,SEKER,test
4029,CALI,test
3520,BOMBAY,test
7387,HOROZ,test
13480,DERMASON,test
168,SEKER,test
1018,SEKER,test
11976,DERMASON,test
2832,BARBUNYA,test
12675,DERMASON,test
9326,SIRA,test
9715,SIRA,test
6363,HOROZ,test
6901,HOROZ,test
9219,SIRA,test
10896,DERMASON,test
12318,DERMASON,test
7178,HOROZ,test
3724,BOMBAY,test
4879,CALI,test
2816,BARBUNYA,test
1529,SEKER,test
7117,HOROZ,test
11822,DERMASON,test
7150,HOROZ,test
10215,DERMASON,test
5187,CALI,test
6386,HOROZ,test
6660,HOROZ,test
386,SEKER,test
5004,CALI,test
3488,BOMBAY,test
9312,SIRA,test
13217,DERMASON,test
4317,CALI,test
13154,DERMASON,test
1448,SEKER,test
1179,SEKER,test
7849,SIRA,test
3039,BARBUNYA,test
13308,DERMASON,test
13513,DERMASON,test
5716,HOROZ,test
6522,HOROZ,test
7682,SIRA,test
13021,DERMASON,test
12015,DERMASON,test
13453,DERMASON,test
8142,SIRA,test
2627,BARBUNYA,test
11654,DERMASON,test
7416,HOROZ,test
3769,BOMBAY,test
7108,HOROZ,test
3078,BARBUNYA,test
3410,BOMBAY,test
7055,HOROZ,test
614,SEKER,test
2207,BARBUNYA,test
7253,HOROZ,test
11011,DERMASON,test
1562,SEKER,test
9108,SIRA,test
2724,BARBUNYA,test
4245,CALI,test
7748,SIRA,test
4841,CALI,test
1733,SEKER,test
4895,CALI,test
11172,DERMASON,test
10624,DERMASON,test
9885,SIRA,test
10948,DERMASON,test
10369,DERMASON,test
12230,DERMASON,test
10589,DERMASON,test
5459,CALI,test
11804,DERMASON,test
8171,SIRA,test
3173,BARBUNYA,test
11066,DERMASON,test
5913,HOROZ,test
3153,BARBUNYA,test
2907,BARBUNYA,test
8168,SIRA,test
430,SEKER,test
59,SEKER,test
8949,SIRA,test
11655,DERMASON,test
12164,DERMASON,test
9927,SIRA,test
7035,HOROZ,test
13465,DERMASON,test
652,SEKER,test
6533,HOROZ,test
9627,SIRA,test
8127,SIRA,test
12631,DERMASON,test
3571,BOMBAY,test
4161,CALI,test
1559,SEKER,test
7505,SIRA,test
7482,SIRA,test
3921,CALI,test
7776,SIRA,test
2696,BARBUNYA,test
7699,SIRA,test
13584,DERMASON,test
7167,HOROZ,test
4330,CALI,test
12129,DERMASON,test
7103,HOROZ,test
2806,BARBUNYA,test
339,SEKER,test
7961,SIRA,test
1967,SEKER,test
504,SEKER,test
10297,DERMASON,test
7489,SIRA,test
11335,DERMASON,test
8476,SIRA,test
6340,HOROZ,test
13051,DERMASON,test
11537,DERMASON,test
11008,DERMASON,test
3364,BOMBAY,test
1418,SEKER,test
8580,SIRA,test
4721,CALI,test
1659,SEKER,test
2813,BARBUNYA,test
8387,SIRA,test
8398,SIRA,test
2818,BARBUNYA,test
2016,SEKER,test
1620,SEKER,test
11153,DERMASON,test
2170,BARBUNYA,test
7966,SIRA,test
4769,CALI,test
9424,SIRA,test
8662,SIRA,test
2712,BARBUNYA,test
5196,CALI,test
5776,HOROZ,test
13228,DERMASON,test
2962,BARBUNYA,test
3359,BOMBAY,test
12157,DERMASON,test
1340,SEKER,test
13604,DERMASON,test
4729,CALI,test
9608,SIRA,test
9824,SIRA,test
6711,HOROZ,test
8300,SIRA,test
11590,DERMASON,test
5255,CALI,test
13170,DERMASON,test
6497,HOROZ,test
5544,HOROZ,test
603,SEKER,test
12648,DERMASON,test
7974,SIRA,test
8694,SIRA,test
11887,DERMASON,test
5446,CALI,test
6809,HOROZ,test
1033,SEKER,test
9817,SIRA,test
4802,CALI,test
1651,SEKER,test
6408,HOROZ,test
886,SEKER,test
13003,DERMASON,test
9832,SIRA,test
9835,SIRA,test
2736,BARBUNYA,test
10157,DERMASON,test
12451,DERMASON,test
9474,SIRA,test
2370,BARBUNYA,test
874,SEKER,test
8089,SIRA,test
11816,DERMASON,test
2256,BARBUNYA,test
3465,BOMBAY,test
8126,SIRA,test
3395,BOMBAY,test
10335,DERMASON,test
1446,SEKER,test
11521,DERMASON,test
4156,CALI,test
4653,CALI,test
10823,DERMASON,test
12084,DERMASON,test
12577,DERMASON,test
5483,CALI,test
10539,DERMASON,test
988,SEKER,test
8025,SIRA,test
5463,CALI,test
11055,DERMASON,test
7310,HOROZ,test
370,SEKER,test
2673,BARBUNYA,test
994,SEKER,test
375,SEKER,test
5220,CALI,test
7094,HOROZ,test
6203,HOROZ,test
5710,HOROZ,test
3730,BOMBAY,test
10371,DERMASON,test
9928,SIRA,test
248,SEKER,test
11256,DERMASON,test
6273,HOROZ,test
12311,DERMASON,test
9667,SIRA,test
5264,CALI,test
2909,BARBUNYA,test
7235,HOROZ,test
104,SEKER,test
1682,SEKER,test
7873,SIRA,test
11420,DERMASON,test
10339,DERMASON,test
11293,DERMASON,test
10477,DERMASON,test
11738,DERMASON,test
3352,BOMBAY,test
9759,SIRA,test
7561,SIRA,test
9359,SIRA,test
5414,CALI,test
11974,DERMASON,test
10516,DERMASON,test
12911,DERMASON,test
848,SEKER,test
11544,DERMASON,test
8828,SIRA,test
8791,SIRA,test
9379,SIRA,test
1336,SEKER,test
8014,SIRA,test
6977,HOROZ,test
6472,HOROZ,test
12474,DERMASON,test
4269,CALI,test
12431,DERMASON,test
8093,SIRA,test
461,SEKER,test
12132,DERMASON,test
7411,HOROZ,test
9294,SIRA,test
5194,CALI,test
13393,DERMASON,test
6233,HOROZ,test
3091,BARBUNYA,test
1185,SEKER,test
9106,SIRA,test
7018,HOROZ,test
7957,SIRA,test
10927,DERMASON,test
9114,SIRA,test
1253,SEKER,test
8519,SIRA,test
8714,SIRA,test
8933,SIRA,test
10702,DERMASON,test
4165,CALI,test
10548,DERMASON,test
6460,HOROZ,test
11910,DERMASON,test
7159,HOROZ,test
3986,CALI,test
10476,DERMASON,test
5301,CALI,test
11891,DERMASON,test
3643,BOMBAY,test
2464,BARBUNYA,test
2077,BARBUNYA,test
8928,SIRA,test
6845,HOROZ,test
6078,HOROZ,test
8979,SIRA,test
5552,HOROZ,test
112,SEKER,test
557,SEKER,test
1124,SEKER,test
1114,SEKER,test
12940,DERMASON,test
9132,SIRA,test
1462,SEKER,test
6724,HOROZ,test
5566,HOROZ,test
1164,SEKER,test
8125,SIRA,test
1161,SEKER,test
12374,DERMASON,test
8179,SIRA,test
3139,BARBUNYA,test
8716,SIRA,test
10933,DERMASON,test
4175,CALI,test
11324,DERMASON,test
9407,SIRA,test
1578,SEKER,test
1517,SEKER,test
9531,SIRA,test
9956,SIRA,test
1315,SEKER,test
1853,SEKER,test
2372,BARBUNYA,test
4619,CALI,test
1309,SEKER,test
11636,DERMASON,test
8035,SIRA,test
9975,SIRA,test
6234,HOROZ,test
1407,SEKER,test
3756,BOMBAY,test
2775,BARBUNYA,test
1844,SEKER,test
3159,BARBUNYA,test
105,SEKER,test
8659,SIRA,test
986,SEKER,test
3688,BOMBAY,test
9187,SIRA,test
13200,DERMASON,test
2445,BARBUNYA,test
4954,CALI,test
12516,DERMASON,test
7752,SIRA,test
5333,CALI,test
9716,SIRA,test
3008,BARBUNYA,test
526,SEKER,test
6727,HOROZ,test
918,SEKER,test
10857,DERMASON,test
9763,SIRA,test
7090,HOROZ,test
12327,DERMASON,test
5015,CALI,test
12917,DERMASON,test
9545,SIRA,test
2725,BARBUNYA,test
4326,CALI,test
2214,BARBUNYA,test
5039,CALI,test
11538,DERMASON,test
6648,HOROZ,test
6492,HOROZ,test
1971,SEKER,test
13439,DERMASON,test
6324,HOROZ,test
11554,DERMASON,test
289,SEKER,test
1846,SEKER,test
2592,BARBUNYA,test
11176,DERMASON,test
3283,BARBUNYA,test
4131,CALI,test
13264,DERMASON,test
192,SEKER,test
55,SEKER,test
9001,SIRA,test
2981,BARBUNYA,test
12423,DERMASON,test
7643,SIRA,test
10353,DERMASON,test
9971,SIRA,test
6334,HOROZ,test
1419,SEKER,test
440,SEKER,test
4736,CALI,test
6347,HOROZ,test
1914,SEKER,test
2639,BARBUNYA,test
11873,DERMASON,test
1755,SEKER,test
5061,CALI,test
7666,SIRA,test
4791,CALI,test
10148,DERMASON,test
3360,BOMBAY,test
4323,CALI,test
9144,SIRA,test
3150,BARBUNYA,test
3519,BOMBAY,test
3446,BOMBAY,test
1795,SEKER,test
9262,SIRA,test
9175,SIRA,test
8852,SIRA,test
2956,BARBUNYA,test
9290,SIRA,test
1103,SEKER,test
5816,HOROZ,test
6619,HOROZ,test
4003,CALI,test
10501,DERMASON,test
550,SEKER,test
2296,BARBUNYA,test
4864,CALI,test
6093,HOROZ,test
1849,SEKER,test
2084,BARBUNYA,test
10936,DERMASON,test
7344,HOROZ,test
11497,DERMASON,test
6219,HOROZ,test
13043,DERMASON,test
11621,DERMASON,test
12357,DERMASON,test
352,SEKER,test
4234,CALI,test
1071,SEKER,test
8850,SIRA,test
5066,CALI,test
7604,SIRA,test
5892,HOROZ,test
1653,SEKER,test
5468,CALI,test
8695,SIRA,test
8474,SIRA,test
8988,SIRA,test
5832,HOROZ,test
3821,BOMBAY,test
3405,BOMBAY,test
8725,SIRA,test
2746,BARBUNYA,test
9485,SIRA,test
1561,SEKER,test
8378,SIRA,test
10924,DERMASON,test
3546,BOMBAY,test
6066,HOROZ,test
8097,SIRA,test
12532,DERMASON,test
6007,HOROZ,test
1232,SEKER,test
8788,SIRA,test
12372,DERMASON,test
4532,CALI,test
6877,HOROZ,test
10925,DERMASON,test
968,SEKER,test
2151,BARBUNYA,test
10882,DERMASON,test
9151,SIRA,test
1141,SEKER,test
6935,HOROZ,test
7761,SIRA,test
2547,BARBUNYA,test
8152,SIRA,test
8706,SIRA,test
1526,SEKER,test
1216,SEKER,test
9330,SIRA,test
13401,DERMASON,test
9277,SIRA,test
6839,HOROZ,test
